{"learner":{"attributes":{"scikit_learn":"{\"_estimator_type\": \"regressor\"}"},"feature_names":["trend_lag_1","Gross_Margin_lag_1"],"feature_types":["float","float"],"gradient_booster":{"model":{"gbtree_model_param":{"num_parallel_tree":"1","num_trees":"10"},"iteration_indptr":[0,1,2,3,4,5,6,7,8,9,10],"tree_info":[0,0,0,0,0,0,0,0,0,0],"trees":[{"base_weights":[-1.5640683E-2,-4.41746E-2,2.7434934E-2,-5.0279694E-3,-1.8747557E-2,1.078618E-3,2.6438772E-3,-3.1011293E-4,-1.877102E-3],"categories":[],"categories_nodes":[],"categories_segments":[],"categories_sizes":[],"default_left":[0,0,0,0,0,0,0,0,0],"id":0,"left_children":[1,3,5,-1,7,-1,-1,-1,-1],"loss_changes":[1.4732204E-2,3.5754303E-3,3.94471E-5,0E0,4.5877742E-4,0E0,0E0,0E0,0E0],"parents":[2147483647,0,0,1,1,2,2,4,4],"right_children":[2,4,6,-1,8,-1,-1,-1,-1],"split_conditions":[4.3142697E-1,3.7843552E-1,4.6066764E-1,-5.0279694E-3,4.095912E-1,1.078618E-3,2.6438772E-3,-3.1011293E-4,-1.877102E-3],"split_indices":[1,1,1,0,1,0,0,0,0],"split_type":[0,0,0,0,0,0,0,0,0],"sum_hessian":[1E1,6E0,4E0,2E0,4E0,3E0,1E0,2E0,2E0],"tree_param":{"num_deleted":"0","num_feature":"2","num_nodes":"9","size_leaf_vector":"1"}},{"base_weights":[3.4760018E-3,-3.24181E-2,2.466486E-2,-3.6800837E-3,-1.7872667E-2,2.7503967E-2,-3.104836E-5,-2.9564052E-4,-1.789504E-3,1.207844E-3,2.9575306E-3],"categories":[],"categories_nodes":[],"categories_segments":[],"categories_sizes":[],"default_left":[0,0,0,0,0,0,0,0,0,0,0],"id":1,"left_children":[1,3,5,-1,7,9,-1,-1,-1,-1,-1],"loss_changes":[1.2207912E-2,8.1932405E-4,7.250537E-4,0E0,4.16958E-4,6.3120853E-4,0E0,0E0,0E0,0E0,0E0],"parents":[2147483647,0,0,1,1,2,2,4,4,5,5],"right_children":[2,4,6,-1,8,10,-1,-1,-1,-1,-1],"split_conditions":[4.3142697E-1,3.7843552E-1,5.026937E-1,-3.6800837E-3,4.095912E-1,4.6066764E-1,-3.104836E-5,-2.9564052E-4,-1.789504E-3,1.207844E-3,2.9575306E-3],"split_indices":[1,1,1,0,1,1,0,0,0,0,0],"split_type":[0,0,0,0,0,0,0,0,0,0,0],"sum_hessian":[1.4E1,5E0,9E0,1E0,4E0,8E0,1E0,2E0,2E0,6E0,2E0],"tree_param":{"num_deleted":"0","num_feature":"2","num_nodes":"11","size_leaf_vector":"1"}},{"base_weights":[5.688717E-3,-3.285776E-2,2.2188405E-2,-3.3811093E-3,-8.126514E-4,1.7074302E-4,1.7046512E-3],"categories":[],"categories_nodes":[],"categories_segments":[],"categories_sizes":[],"default_left":[0,0,0,0,0,0,0],"id":2,"left_children":[1,3,5,-1,-1,-1,-1],"loss_changes":[8.361119E-3,7.5188046E-4,3.251927E-4,0E0,0E0,0E0,0E0],"parents":[2147483647,0,0,1,1,2,2],"right_children":[2,4,6,-1,-1,-1,-1],"split_conditions":[4.124932E-1,3.938083E-1,4.2345917E-1,-3.3811093E-3,-8.126514E-4,1.7074302E-4,1.7046512E-3],"split_indices":[0,0,0,0,0,0,0],"split_type":[0,0,0,0,0,0,0],"sum_hessian":[1.1E1,3E0,8E0,1E0,2E0,1E0,7E0],"tree_param":{"num_deleted":"0","num_feature":"2","num_nodes":"7","size_leaf_vector":"1"}},{"base_weights":[5.411441E-3,-3.3463784E-2,2.2088047E-2,-5.6506635E-4,-3.9236795E-2,4.292436E-3,2.1189314E-3,-3.522838E-3,-5.970253E-4,4.6037714E-4,-8.962467E-5],"categories":[],"categories_nodes":[],"categories_segments":[],"categories_sizes":[],"default_left":[0,0,0,0,0,0,0,0,0,0,0],"id":3,"left_children":[1,3,5,-1,7,9,-1,-1,-1,-1,-1],"loss_changes":[8.518832E-3,2.696053E-4,1.1805636E-3,0E0,5.923719E-4,5.9342114E-5,0E0,0E0,0E0,0E0,0E0],"parents":[2147483647,0,0,1,1,2,2,4,4,5,5],"right_children":[2,4,6,-1,8,10,-1,-1,-1,-1,-1],"split_conditions":[4.124932E-1,3.983707E-1,4.302155E-1,-5.6506635E-4,4.0658233E-1,4.2763025E-1,2.1189314E-3,-3.522838E-3,-5.970253E-4,4.6037714E-4,-8.962467E-5],"split_indices":[0,0,0,0,0,0,0,0,0,0,0],"split_type":[0,0,0,0,0,0,0,0,0,0,0],"sum_hessian":[1.1E1,3E0,8E0,1E0,2E0,3E0,5E0,1E0,1E0,2E0,1E0],"tree_param":{"num_deleted":"0","num_feature":"2","num_nodes":"11","size_leaf_vector":"1"}},{"base_weights":[-3.319894E-3,-4.4365436E-2,1.9852063E-2,-3.593911E-3,-5.7612924E-4,5.9205294E-4,1.7689241E-3,1.486537E-4,-8.648813E-5],"categories":[],"categories_nodes":[],"categories_segments":[],"categories_sizes":[],"default_left":[0,0,0,0,0,0,0,0,0],"id":4,"left_children":[1,3,5,-1,-1,7,-1,-1,-1],"loss_changes":[1.3245116E-2,8.378541E-4,9.2424406E-4,0E0,0E0,1.102112E-5,0E0,0E0,0E0],"parents":[2147483647,0,0,1,1,2,2,5,5],"right_children":[2,4,6,-1,-1,8,-1,-1,-1],"split_conditions":[4.124932E-1,4.0658233E-1,4.302155E-1,-3.593911E-3,-5.7612924E-4,4.2345917E-1,1.7689241E-3,1.486537E-4,-8.648813E-5],"split_indices":[0,0,0,0,0,0,0,0,0],"split_type":[0,0,0,0,0,0,0,0,0],"sum_hessian":[1.2E1,4E0,8E0,3E0,1E0,2E0,6E0,1E0,1E0],"tree_param":{"num_deleted":"0","num_feature":"2","num_nodes":"9","size_leaf_vector":"1"}},{"base_weights":[-1.8624687E-3,-2.4213952E-3,1.6527189E-2,1.8891163E-2,-8.3461106E-5,3.814875E-4,1.5724315E-3],"categories":[],"categories_nodes":[],"categories_segments":[],"categories_sizes":[],"default_left":[0,0,0,0,0,0,0],"id":5,"left_children":[1,-1,3,5,-1,-1,-1],"loss_changes":[8.396048E-3,0E0,3.995197E-4,2.616942E-4,0E0,0E0,0E0],"parents":[2147483647,0,0,2,2,3,3],"right_children":[2,-1,4,6,-1,-1,-1],"split_conditions":[4.3142697E-1,-2.4213952E-3,4.8365408E-1,4.461683E-1,-8.3461106E-5,3.814875E-4,1.5724315E-3],"split_indices":[1,0,1,1,0,0,0],"split_type":[0,0,0,0,0,0,0],"sum_hessian":[1.2E1,4E0,8E0,7E0,1E0,2E0,5E0],"tree_param":{"num_deleted":"0","num_feature":"2","num_nodes":"7","size_leaf_vector":"1"}},{"base_weights":[-5.028699E-3,-3.5409357E-2,2.2182964E-2,-4.1476395E-3,-1.4021903E-2,2.5680695E-2,-8.054048E-5,-2.8888398E-4,-1.8760652E-3,6.0992996E-4,2.1507503E-3],"categories":[],"categories_nodes":[],"categories_segments":[],"categories_sizes":[],"default_left":[0,0,0,0,0,0,0,0,0,0,0],"id":6,"left_children":[1,3,5,-1,7,9,-1,-1,-1,-1,-1],"loss_changes":[1.2359399E-2,2.7387077E-3,6.824634E-4,0E0,5.2163657E-4,3.3140555E-4,0E0,0E0,0E0,0E0,0E0],"parents":[2147483647,0,0,1,1,2,2,4,4,5,5],"right_children":[2,4,6,-1,8,10,-1,-1,-1,-1,-1],"split_conditions":[4.3142697E-1,3.7843552E-1,5.026937E-1,-4.1476395E-3,4.2891115E-1,4.461683E-1,-8.054048E-5,-2.8888398E-4,-1.8760652E-3,6.0992996E-4,2.1507503E-3],"split_indices":[1,1,1,0,1,1,0,0,0,0,0],"split_type":[0,0,0,0,0,0,0,0,0,0,0],"sum_hessian":[1.3E1,6E0,7E0,2E0,4E0,6E0,1E0,3E0,1E0,2E0,4E0],"tree_param":{"num_deleted":"0","num_feature":"2","num_nodes":"11","size_leaf_vector":"1"}},{"base_weights":[5.8303773E-4,-3.222848E-2,1.6930494E-2,-3.2464237E-4,-2.657671E-3,4.5614317E-3,1.5105922E-3,4.7754834E-4,-7.772207E-5],"categories":[],"categories_nodes":[],"categories_segments":[],"categories_sizes":[],"default_left":[0,0,0,0,0,0,0,0,0],"id":7,"left_children":[1,3,5,-1,-1,7,-1,-1,-1],"loss_changes":[8.055032E-3,6.1553204E-4,4.7665136E-4,0E0,0E0,5.886289E-5,0E0,0E0,0E0],"parents":[2147483647,0,0,1,1,2,2,5,5],"right_children":[2,4,6,-1,-1,8,-1,-1,-1],"split_conditions":[4.167795E-1,3.983707E-1,4.302155E-1,-3.2464237E-4,-2.657671E-3,4.2763025E-1,1.5105922E-3,4.7754834E-4,-7.772207E-5],"split_indices":[0,0,0,0,0,0,0,0,0],"split_type":[0,0,0,0,0,0,0,0,0],"sum_hessian":[1.3E1,4E0,9E0,1E0,3E0,3E0,6E0,2E0,1E0],"tree_param":{"num_deleted":"0","num_feature":"2","num_nodes":"9","size_leaf_vector":"1"}},{"base_weights":[8.287882E-3,-1.2440878E-2,2.1910157E-2,-3.284067E-3,-1.7173843E-3,2.5919E-2,-7.500171E-5,-6.1122475E-5,-3.6808566E-4,5.3507637E-4,2.3201879E-3],"categories":[],"categories_nodes":[],"categories_segments":[],"categories_sizes":[],"default_left":[0,0,0,0,0,0,0,0,0,0,0],"id":8,"left_children":[1,3,5,7,-1,9,-1,-1,-1,-1,-1],"loss_changes":[3.378683E-3,4.731035E-4,6.726787E-4,1.4447774E-5,0E0,5.390295E-4,0E0,0E0,0E0,0E0,0E0],"parents":[2147483647,0,0,1,1,2,2,3,3,5,5],"right_children":[2,4,6,8,-1,10,-1,-1,-1,-1,-1],"split_conditions":[4.3142697E-1,4.2891115E-1,5.026937E-1,4.095912E-1,-1.7173843E-3,4.461683E-1,-7.500171E-5,-6.1122475E-5,-3.6808566E-4,5.3507637E-4,2.3201879E-3],"split_indices":[1,1,1,1,0,1,0,0,0,0,0],"split_type":[0,0,0,0,0,0,0,0,0,0,0],"sum_hessian":[1E1,4E0,6E0,3E0,1E0,5E0,1E0,2E0,1E0,2E0,3E0],"tree_param":{"num_deleted":"0","num_feature":"2","num_nodes":"11",