{"learner":{"attributes":{"scikit_learn":"{\"_estimator_type\": \"regressor\"}"},"feature_names":["trend_lag_1","Interest_Expense_lag_1"],"feature_types":["float","float"],"gradient_booster":{"model":{"gbtree_model_param":{"num_parallel_tree":"1","num_trees":"10"},"iteration_indptr":[0,1,2,3,4,5,6,7,8,9,10],"tree_info":[0,0,0,0,0,0,0,0,0,0],"trees":[{"base_weights":[1.3916667E0,-3.3888888E0,7.339286E0,-6.35E0,2.5E-1,2.5625E-1,8.135417E0,-2.4375E-1,-1.465625E0,5.416667E-1,-4.5833334E-1,1.8100001E0,3.5625002E-1],"categories":[],"categories_nodes":[],"categories_segments":[],"categories_sizes":[],"default_left":[0,0,0,0,0,0,0,0,0,0,0,0,0],"id":0,"left_children":[1,3,5,7,9,-1,11,-1,-1,-1,-1,-1,-1],"loss_changes":[4.5136588E2,9.856389E1,2.3337402E1,1.6163864E1,3.7447918E1,0E0,1.87482E1,0E0,0E0,0E0,0E0,0E0,0E0],"parents":[2147483647,0,0,1,1,2,2,3,3,4,4,6,6],"right_children":[2,4,6,8,10,-1,12,-1,-1,-1,-1,-1,-1],"split_conditions":[2.4E1,1.1E1,2.5E1,1E0,1.4E1,2.5625E-1,3.1E1,-2.4375E-1,-1.465625E0,5.416667E-1,-4.5833334E-1,1.8100001E0,3.5625002E-1],"split_indices":[1,1,1,1,1,0,1,0,0,0,0,0,0],"split_type":[0,0,0,0,0,0,0,0,0,0,0,0,0],"sum_hessian":[1.4E1,8E0,6E0,4E0,4E0,1E0,5E0,1E0,3E0,2E0,2E0,4E0,1E0],"tree_param":{"num_deleted":"0","num_feature":"2","num_nodes":"13","size_leaf_vector":"1"}},{"base_weights":[9.483069E-2,-7.1814237E0,4.0550756E0,-4.777084E-1,-1.7961458E0,5.6493026E-1,6.869375E0,4.6944442E-1,-9.130211E-1,1.5204E0,3.2062504E-1,-3.9722225E-1,2.3062496E-1],"categories":[],"categories_nodes":[],"categories_segments":[],"categories_sizes":[],"default_left":[0,0,0,0,0,0,0,0,0,0,0,0,0],"id":1,"left_children":[1,3,5,-1,-1,7,9,-1,11,-1,-1,-1,-1],"loss_changes":[4.9017325E2,3.0292267E1,1.04164764E2,0E0,0E0,1.7947906E1,1.0962158E1,0E0,1.1158878E1,0E0,0E0,0E0,0E0],"parents":[2147483647,0,0,1,1,2,2,5,5,6,6,8,8],"right_children":[2,4,6,-1,-1,8,10,-1,12,-1,-1,-1,-1],"split_conditions":[1.3E1,7E0,2.5E1,-4.777084E-1,-1.7961458E0,1.4E1,3.1E1,4.6944442E-1,2.4E1,1.5204E0,3.2062504E-1,-3.9722225E-1,2.3062496E-1],"split_indices":[1,1,1,0,0,1,1,0,1,0,0,0,0],"split_type":[0,0,0,0,0,0,0,0,0,0,0,0,0],"sum_hessian":[1.5E1,5E0,1E1,2E0,3E0,5E0,5E0,2E0,3E0,4E0,1E0,2E0,1E0],"tree_param":{"num_deleted":"0","num_feature":"2","num_nodes":"13","size_leaf_vector":"1"}},{"base_weights":[-6.4228E-2,-5.3127956E0,8.282098E-1,-6.2007294E0,-3.531991E-1,-5.922813E-1,-1.6905835E0],"categories":[],"categories_nodes":[],"categories_segments":[],"categories_sizes":[],"default_left":[0,0,0,0,0,0,0],"id":2,"left_children":[1,3,-1,5,-1,-1,-1],"loss_changes":[3.972191E2,1.4244125E1,0E0,1.874086E1,0E0,0E0,0E0],"parents":[2147483647,0,0,1,1,3,3],"right_children":[2,4,-1,6,-1,-1,-1],"split_conditions":[1.525E1,1.3125E1,8.282098E-1,1.075E1,-3.531991E-1,-5.922813E-1,-1.6905835E0],"split_indices":[0,0,0,0,0,0,0],"split_type":[0,0,0,0,0,0,0],"sum_hessian":[1.6E1,7E0,9E0,5E0,2E0,3E0,2E0],"tree_param":{"num_deleted":"0","num_feature":"2","num_nodes":"7","size_leaf_vector":"1"}},{"base_weights":[-1.0066802E-1,-4.772744E0,3.5443544E0,-5.341061E0,-1.3628426E-1,1.4821192E0,3.921833E0,-1.5834485E-1,-1.2185167E0,7.723179E-1,-3.276821E-1,1.1403893E0,2.674823E0,-3.875796E-1,8.605839E-1,-2.4101543E-1,1.24741554E-1],"categories":[],"categories_nodes":[],"categories_segments":[],"categories_sizes":[],"default_left":[0,0,0,0,0,0,0,0,0,0,0,0,0,0,0,0,0],"id":3,"left_children":[1,3,5,7,-1,9,11,-1,-1,-1,-1,-1,13,15,-1,-1,-1],"loss_changes":[2.7236365E2,1.2636658E1,1.1934204E0,1.5689926E1,0E0,2.8602491E1,2.8703308E-1,0E0,0E0,0E0,0E0,0E0,3.1583046E1,3.231791E0,0E0,0E0,0E0],"parents":[2147483647,0,0,1,1,2,2,3,3,5,5,6,6,12,12,13,13],"right_children":[2,4,6,8,-1,10,12,-1,-1,-1,-1,-1,14,16,-1,-1,-1],"split_conditions":[1.34375E1,1.3125E1,1.7375E1,8.8125E0,-1.3628426E-1,1.55E1,1.8375E1,-1.5834485E-1,-1.2185167E0,7.723179E-1,-3.276821E-1,1.1403893E0,2.35625E1,1.96875E1,8.605839E-1,-2.4101543E-1,1.24741554E-1],"split_indices":[0,0,0,0,0,0,0,0,0,0,0,0,0,0,0,0,0],"split_type":[0,0,0,0,0,0,0,0,0,0,0,0,0,0,0,0,0],"sum_hessian":[1.4E1,6E0,8E0,5E0,1E0,2E0,6E0,1E0,4E0,1E0,1E0,1E0,5E0,2E0,3E0,1E0,1E0],"tree_param":{"num_deleted":"0","num_feature":"2","num_nodes":"17","size_leaf_vector":"1"}},{"base_weights":[-7.022502E-1,-3.9100797E0,3.5224235E0,-1.4251032E-1,-4.2207017E0,1.0263504E0,2.39891E0,-5.1177707E0,-2.0441902E0,-2.169139E-1,3.3125198E0,-4.0322003E-1,-1.3027035E0,-1.2265587E-1,-4.633468E-1,1.9326745E-1,7.314963E-1],"categories":[],"categories_nodes":[],"categories_segments":[],"categories_sizes":[],"default_left":[0,0,0,0,0,0,0,0,0,0,0,0,0,0,0,0,0],"id":4,"left_children":[1,3,5,-1,7,-1,9,11,13,-1,15,-1,-1,-1,-1,-1,-1],"loss_changes":[2.1705345E2,5.931534E0,3.4609985E-1,0E0,5.158142E0,0E0,2.2687908E1,8.51384E0,1.3914108E-1,0E0,5.123482E-1,0E0,0E0,0E0,0E0,0E0,0E0],"parents":[2147483647,0,0,1,1,2,2,4,4,6,6,7,7,8,8,10,10],"right_children":[2,4,6,-1,8,-1,10,12,14,-1,16,-1,-1,-1,-1,-1,-1],"split_conditions":[1.7375E1,8.8125E0,1.8375E1,-1.4251032E-1,1.3125E1,1.0263504E0,1.96875E1,1.075E1,1.34375E1,-2.169139E-1,2.13125E1,-4.0322003E-1,-1.3027035E0,-1.2265587E-1,-4.633468E-1,1.9326745E-1,7.314963E-1],"split_indices":[0,0,0,0,0,0,0,0,0,0,0,0,0,0,0,0,0],"split_type":[0,0,0,0,0,0,0,0,0,0,0,0,0,0,0,0,0],"sum_hessian":[1.4E1,8E0,6E0,1E0,7E0,1E0,5E0,4E0,3E0,1E0,4E0,2E0,2E0,1E0,2E0,1E0,3E0],"tree_param":{"num_deleted":"0","num_feature":"2","num_nodes":"17","size_leaf_vector":"1"}},{"base_weights":[4.1512942E-1,-1.5245385E0,3.9019992E0,-2.7665956E0,-2.839168E-2,8.669035E-1,1.7394066E-1,-2.333322E-1,-7.9552865E-1,3.2856104E-1,-1.2746913E0,-3.659961E-1,3.9117623E-2],"categories":[],"categories_nodes":[],"categories_segments":[],"categories_sizes":[],"default_left":[0,0,0,0,0,0,0,0,0,0,0,0,0],"id":5,"left_children":[1,3,5,7,9,-1,-1,-1,-1,-1,11,-1,-1],"loss_changes":[1.1416267E2,2.0362755E1,4.0993958E0,6.9850197E0,1.4590941E1,0E0,0E0,0E0,0E0,0E0,3.6236444E0,0E0,0E0],"parents":[2147483647,0,0,1,1,2,2,3,3,4,4,10,10],"right_children":[2,4,6,8,10,-1,-1,-1,-1,-1,12,-1,-1],"split_conditions":[2.5E1,1.3E1,3.1E1,1E1,1.4E1,8.669035E-1,1.7394066E-1,-2.333322E-1,-7.9552865E-1,3.2856104E-1,2.4E1,-3.659961E-1,3.9117623E-2],"split_indices":[1,1,1,1,1,0,0,0,0,0,1,0,0],"split_type":[0,0,0,0,0,0,0,0,0,0,0,0,0],"sum_hessian":[1.5E1,1E1,5E0,5E0,5E0,4E0,1E0,3E0,2E0,2E0,3E0,2E0,1E0],"tree_param":{"num_deleted":"0","num_feature":"2","num_nodes":"13","size_leaf_vector":"1"}},{"base_weights":[-8.462572E-2,-3.498309E0,1.7850766E0,-1.944924E-1,-9.036234E-1,-2.2433123E-2,3.2950735E0,2.847528E-1,-1.1014726E0,7.28199E-1,1.565466E-1,-3.1719658E-1,3.520584E-2],"categories":[],"categories_nodes":[],"categories_segments":[],"categories_sizes":[],"default_left":[0,0,0,0,0,0,0,0,0,0,0,0,0],"id":6,"left_children":[1,3,5,-1,-1,7,9,-1,11,-1,-1,-1,-1],"loss_changes":[1.0836589E2,1.1061577E1,3.0096596E1,0E0,0E0,1.0931259E1,2.3645096E0,0E0,2.7550306E0,0E0,0E0,0E0,0E0],"parents":[2147483647,0,0,1,1,2,2,5,5,6,6,8,8],"right_children":[2,4,6,-1,-1,8,10,-1,12,-1,-1,-1,-1],"split_conditions":[1.3E1,7E0,2.5E1,-1.944924E-1,-9.036234E-1,1.4E1,3.1E1,2.847528E-1,2.4E1,7.28199E-1,1.565466E-1,-3.1719658E-1,3.520584E-2],"split_indices":[1,1,1,0,0,1,1,0,1,0,0,0,0],"split_type":[0,0,0,0,0,0,0,0,0,0,0,0,0],"sum_hessian":[1.5E1,5E0,1E1,2E0,3E0,5E0,5E0,2E0,3E0,4E0,1E0,2E0,1E0],"tree_param":{"num_deleted":"0","num_feature":"2","num_nodes":"13","size_leaf_vector":"1"}},{"base_weights":[-1.1055648E-2,-2.8039427E0,1.9450709E0,-6.659867E-1,-3.5259278E0,2.83596E0,1.1581241E0,-1.4563656E-2,-1.8523236E-1,-9.399358E-1,-1.1768671E0,1.2339293E0,7.6420516E-1,-1.2690316E-1,1.5626501E0,-6.760778E-2,-2.8545237E-1,6.800894E-1,-3.099106E-1,1.471241E-1,4.2889458E-1],"categories":[],"categories_nodes":[],"categories_segments":[],"categories_sizes":[],"default_left":[0,0,0,0,0,0,0,0,0,0,0,0,0,0,0,0,0,0,0,0,0],"id":7,"left_children":[1,3,5,7,9,11,13,-1,-1,-1,15,17,-1,-1,19,-1,-1,-1,-1,-1,-1],