{"learner":{"attributes":{"scikit_learn":"{\"_estimator_type\": \"regressor\"}"},"feature_names":["DandA_lag_1"],"feature_types":["float"],"gradient_booster":{"model":{"gbtree_model_param":{"num_parallel_tree":"1","num_trees":"10"},"iteration_indptr":[0,1,2,3,4,5,6,7,8,9,10],"tree_info":[0,0,0,0,0,0,0,0,0,0],"trees":[{"base_weights":[2.2958755E1,-7.003077E1,3.1376307E1,-4.3280005E0,-5.062577E1,1.3630758E-1,-3.0183713E0],"categories":[],"categories_nodes":[],"categories_segments":[],"categories_sizes":[],"default_left":[1,0,0,0,1,0,0],"id":0,"left_children":[1,3,-1,-1,5,-1,-1],"loss_changes":[2.1118118E6,1.8066875E3,0E0,0E0,1.0729621E4,0E0,0E0],"parents":[2147483647,0,0,1,1,4,4],"right_children":[2,4,-1,-1,6,-1,-1],"split_conditions":[6.09E2,4.9E1,3.1376307E1,-4.3280005E0,5.4E1,1.3630758E-1,-3.0183713E0],"split_indices":[0,0,0,0,0,0,0],"split_type":[0,0,0,0,0,0,0],"sum_hessian":[3.4E1,3.1E1,3E0,1.3E1,1.8E1,3E0,1.5E1],"tree_param":{"num_deleted":"0","num_feature":"1","num_nodes":"7","size_leaf_vector":"1"}},{"base_weights":[-1.7223099E1,-6.750386E1,2.0097418E1,-4.231972E0,-5.2345448E1,-3.7423486E-1,-2.8662574E0],"categories":[],"categories_nodes":[],"categories_segments":[],"categories_sizes":[],"default_left":[0,0,0,0,0,0,0],"id":1,"left_children":[1,3,-1,-1,5,-1,-1],"loss_changes":[9.8158806E5,1.775E3,0E0,0E0,5.1670156E3,0E0,0E0],"parents":[2147483647,0,0,1,1,4,4],"right_children":[2,4,-1,-1,6,-1,-1],"split_conditions":[6.09E2,4.9E1,2.0097418E1,-4.231972E0,5.7E1,-3.7423486E-1,-2.8662574E0],"split_indices":[0,0,0,0,0,0,0],"split_type":[0,0,0,0,0,0,0],"sum_hessian":[4.2E1,3.9E1,3E0,1.4E1,2.5E1,3E0,2.2E1],"tree_param":{"num_deleted":"0","num_feature":"1","num_nodes":"7","size_leaf_vector":"1"}},{"base_weights":[1.7098116E1,-5.7919205E1,1.9950247E1,-3.6555195E0,-4.371765E1,-4.345545E-1,-2.429209E0],"categories":[],"categories_nodes":[],"categories_segments":[],"categories_sizes":[],"default_left":[1,1,0,0,0,0,0],"id":2,"left_children":[1,3,-1,-1,5,-1,-1],"loss_changes":[1.048991E6,2.8378125E2,0E0,0E0,2.7293867E3,0E0,0E0],"parents":[2147483647,0,0,1,1,4,4],"right_children":[2,4,-1,-1,6,-1,-1],"split_conditions":[1.18E2,4.9E1,1.9950247E1,-3.6555195E0,5.4E1,-4.345545E-1,-2.429209E0],"split_indices":[0,0,0,0,0,0,0],"split_type":[0,0,0,0,0,0,0],"sum_hessian":[3.3E1,2.9E1,4E0,1E1,1.9E1,3E0,1.6E1],"tree_param":{"num_deleted":"0","num_feature":"1","num_nodes":"7","size_leaf_vector":"1"}},{"base_weights":[-2.0282084E1,-6.053985E1,1.3480756E1,-3.327018E0,-1.4203593E0],"categories":[],"categories_nodes":[],"categories_segments":[],"categories_sizes":[],"default_left":[1,1,0,0,0],"id":3,"left_children":[1,3,-1,-1,-1],"loss_changes":[4.7610734E5,2.9584922E3,0E0,0E0,0E0],"parents":[2147483647,0,0,1,1],"right_children":[2,4,-1,-1,-1],"split_conditions":[1.18E2,8.9E1,1.3480756E1,-3.327018E0,-1.4203593E0],"split_indices":[0,0,0,0,0],"split_type":[0,0,0,0,0],"sum_hessian":[3.6E1,3.3E1,3E0,2.6E1,7E0],"tree_param":{"num_deleted":"0","num_feature":"1","num_nodes":"5","size_leaf_vector":"1"}},{"base_weights":[-1.501378E1,-3.04302E0,1.8345701E1],"categories":[],"categories_nodes":[],"categories_segments":[],"categories_sizes":[],"default_left":[0,0,0],"id":4,"left_children":[1,-1,-1],"loss_changes":[8.150748E5,0E0,0E0],"parents":[2147483647,0,0],"right_children":[2,-1,-1],"split_conditions":[6.09E2,-3.04302E0,1.8345701E1],"split_indices":[0,0,0],"split_type":[0,0,0],"sum_hessian":[4.2E1,3.9E1,3E0],"tree_param":{"num_deleted":"0","num_feature":"1","num_nodes":"3","size_leaf_vector":"1"}},{"base_weights":[-7.6347957E0,-3.173463E0,1.819533E1],"categories":[],"categories_nodes":[],"categories_segments":[],"categories_sizes":[],"default_left":[0,0,0],"id":5,"left_children":[1,-1,-1],"loss_changes":[7.9297706E5,0E0,0E0],"parents":[2147483647,0,0],"right_children":[2,-1,-1],"split_conditions":[6.09E2,-3.173463E0,1.819533E1],"split_indices":[0,0,0],"split_type":[0,0,0],"sum_hessian":[3.4E1,3.1E1,3E0],"tree_param":{"num_deleted":"0","num_feature":"1","num_nodes":"3","size_leaf_vector":"1"}},{"base_weights":[3.1990885E1,-4.237636E1,2.7732935E1,-5.606557E1,2.237077E0,-3.5157864E0,-4.0478905E1,-4.371985E-2,-2.3679593E0],"categories":[],"categories_nodes":[],"categories_segments":[],"categories_sizes":[],"default_left":[1,1,0,1,0,0,0,0,0],"id":6,"left_children":[1,3,-1,5,-1,-1,7,-1,-1],"loss_changes":[1.5629654E6,4.7950754E4,0E0,1.4039141E3,0E0,0E0,5.3621523E3,0E0,0E0],"parents":[2147483647,0,0,1,1,3,3,6,6],"right_children":[2,4,-1,6,-1,-1,8,-1,-1],"split_conditions":[6.09E2,1E2,2.7732935E1,4.9E1,2.237077E0,-3.5157864E0,5.7E1,-4.371985E-2,-2.3679593E0],"split_indices":[0,0,0,0,0,0,0,0,0],"split_type":[0,0,0,0,0,0,0,0,0],"sum_hessian":[3.7E1,3.4E1,3E0,3E1,4E0,1.2E1,1.8E1,3E0,1.5E1],"tree_param":{"num_deleted":"0","num_feature":"1","num_nodes":"9","size_leaf_vector":"1"}},{"base_weights":[-2.0592297E1,-5.8112152E1,1.2513181E1,-3.2776964E0,-1.4973792E0],"categories":[],"categories_nodes":[],"categories_segments":[],"categories_sizes":[],"default_left":[1,1,0,0,0],"id":7,"left_children":[1,3,-1,-1,-1],"loss_changes":[4.1524156E5,3.3998828E3,0E0,0E0,0E0],"parents":[2147483647,0,0,1,1],"right_children":[2,4,-1,-1,-1],"split_conditions":[1.18E2,7.2E1,1.2513181E1,-3.2776964E0,-1.4973792E0],"split_indices":[0,0,0,0,0],"split_type":[0,0,0,0,0],"sum_hessian":[3.6E1,3.3E1,3E0,2.4E1,9E0],"tree_param":{"num_deleted":"0","num_feature":"1","num_nodes":"5","size_leaf_vector":"1"}},{"base_weights":[2.6029465E0,-5.2182194E1,1.7062483E1,-2.8895912E0,-1.0797027E0],"categories":[],"categories_nodes":[],"categories_segments":[],"categories_sizes":[],"default_left":[0,0,0,0,0],"id":8,"left_children":[1,3,-1,-1,-1],"loss_changes":[6.664387E5,2.8153672E3,0E0,0E0,0E0],"parents":[2147483647,0,0,1,1],"right_children":[2,4,-1,-1,-1],"split_conditions":[1.18E2,8E1,1.7062483E1,-2.8895912E0,-1.0797027E0],"split_indices":[0,0,0,0,0],"split_type":[0,0,0,0,0],"sum_hessian":[3.2E1,2.9E1,3E0,2.3E1,6E0],"tree_param":{"num_deleted":"0","num_feature":"1","num_nodes":"5","size_leaf_vector":"1"}},{"base_weights":[4.842529E0,-4.9264053E1,1.6845114E1,-2.9120939E0,-1.1860814E0],"categories":[],"categories_nodes":[],"categories_segments":[],"categories_sizes":[],"default_left":[1,1,0,0,0],"id":9,"left_children":[1,3,-1,-1,-1],"loss_changes":[7.698545E5,5.713297E3,0E0,0E0,0E0],"parents":[2147483647,0,0,1,1],"right_children":[2,4,-1,-1,-1],"split_conditions":[1.18E2,7.2E1,1.6845114E1,-2.9120939E0,-1.1860814E0],"split_indices":[0,0,0,0,0],"split_type":[0,0,0,0,0],"sum_hessian":[3.9E1,3.5E1,4E0,2.4E1,1.1E1],"tree_param":{"num_deleted":"0","num_feature":"1","num_nodes":"5","size_leaf_vector":"1"}}]},"name":"gbtree"},"learner_model_param":{"base_score":"1.4242308E2","boost_from_average":"1","num_class":"0","num_feature":"1","num_target":"1"},"objective":{"name":"reg:squarederror","reg_loss_param":{"scale_pos_weight":"1"}}},"version":[2,1,0]}