{"learner":{"attributes":{"scikit_learn":"{\"_estimator_type\": \"regressor\"}"},"feature_names":["trend_lag_1","SGandA_lag_1"],"feature_types":["float","float"],"gradient_booster":{"model":{"gbtree_model_param":{"num_parallel_tree":"1","num_trees":"10"},"iteration_indptr":[0,1,2,3,4,5,6,7,8,9,10],"tree_info":[0,0,0,0,0,0,0,0,0,0],"trees":[{"base_weights":[-0E0,-5.3828154E0,7.177081E0,2.87825E0,-1.0292146E1,9.957998E0,-6.527505E-1,-2.8301256E0,-7.6212543E-1,2.2388747E0,4.8124972E-1],"categories":[],"categories_nodes":[],"categories_segments":[],"categories_sizes":[],"default_left":[1,0,0,0,1,0,0,0,0,0,0],"id":0,"left_children":[1,3,5,-1,7,9,-1,-1,-1,-1,-1],"loss_changes":[5.408606E2,9.239164E2,2.0804984E2,0E0,1.1754669E2,1.7027405E1,0E0,0E0,0E0,0E0,0E0],"parents":[2147483647,0,0,1,1,2,2,4,4,5,5],"right_children":[2,4,6,-1,8,10,-1,-1,-1,-1,-1],"split_conditions":[6.826E1,5.117E1,9.865E1,2.87825E0,6.162E1,9.776E1,-6.527505E-1,-2.8301256E0,-7.6212543E-1,2.2388747E0,4.8124972E-1],"split_indices":[1,1,1,0,1,1,0,0,0,0,0],"split_type":[0,0,0,0,0,0,0,0,0,0,0],"sum_hessian":[1.2E1,7E0,5E0,1E0,6E0,4E0,1E0,3E0,3E0,3E0,1E0],"tree_param":{"num_deleted":"0","num_feature":"2","num_nodes":"11","size_leaf_vector":"1"}},{"base_weights":[8.87173E-2,2.5904248E0,-2.0459104E0,-1.0103817E1,5.1245685E0,-2.405607E0,-8.2071745E-1,1.3982246E0,-5.874757E-1],"categories":[],"categories_nodes":[],"categories_segments":[],"categories_sizes":[],"default_left":[0,0,1,1,0,0,0,0,0],"id":1,"left_children":[1,-1,3,5,7,-1,-1,-1,-1],"loss_changes":[3.856417E2,0E0,7.4612213E2,1.6690063E1,1.26682755E2,0E0,0E0,0E0,0E0],"parents":[2147483647,0,0,2,2,3,3,4,4],"right_children":[2,-1,4,6,8,-1,-1,-1,-1],"split_conditions":[5.117E1,2.5904248E0,6.368E1,6.162E1,9.865E1,-2.405607E0,-8.2071745E-1,1.3982246E0,-5.874757E-1],"split_indices":[1,0,1,1,1,0,0,0,0],"split_type":[0,0,0,0,0,0,0,0,0],"sum_hessian":[1.2E1,1E0,1.1E1,5E0,6E0,3E0,2E0,5E0,1E0],"tree_param":{"num_deleted":"0","num_feature":"2","num_nodes":"9","size_leaf_vector":"1"}},{"base_weights":[7.82709E-2,4.2112837E0,-2.0447657E0,2.3313825E0,2.0665567E0,-7.2800833E-1,1.4799688E0],"categories":[],"categories_nodes":[],"categories_segments":[],"categories_sizes":[],"default_left":[0,0,0,0,0,0,0],"id":2,"left_children":[1,3,-1,-1,5,-1,-1],"loss_changes":[5.9537616E2,1.3285403E2,0E0,0E0,3.0160202E2,0E0,0E0],"parents":[2147483647,0,0,1,1,4,4],"right_children":[2,4,-1,-1,6,-1,-1],"split_conditions":[1.6704001E2,6.616375E1,-2.0447657E0,2.3313825E0,7.272E1,-7.2800833E-1,1.4799688E0],"split_indices":[0,0,0,0,0,0,0],"split_type":[0,0,0,0,0,0,0],"sum_hessian":[1.2E1,9E0,3E0,1E0,8E0,4E0,4E0],"tree_param":{"num_deleted":"0","num_feature":"2","num_nodes":"7","size_leaf_vector":"1"}},{"base_weights":[1.3943252E-1,3.677364E0,-1.7380508E0,2.0982442E0,1.7323554E0,-6.1152637E-1,1.2431744E0],"categories":[],"categories_nodes":[],"categories_segments":[],"categories_sizes":[],"default_left":[0,0,0,0,0,0,0],"id":3,"left_children":[1,3,-1,-1,5,-1,-1],"loss_changes":[4.3705942E2,1.1191086E2,0E0,0E0,2.1292136E2,0E0,0E0],"parents":[2147483647,0,0,1,1,4,4],"right_children":[2,4,-1,-1,6,-1,-1],"split_conditions":[1.6704001E2,6.616375E1,-1.7380508E0,2.0982442E0,7.272E1,-6.1152637E-1,1.2431744E0],"split_indices":[0,0,0,0,0,0,0],"split_type":[0,0,0,0,0,0,0],"sum_hessian":[1.2E1,9E0,3E0,1E0,8E0,4E0,4E0],"tree_param":{"num_deleted":"0","num_feature":"2","num_nodes":"7","size_leaf_vector":"1"}},{"base_weights":[1.847658E-1,3.2148817E0,-1.477343E0,1.8884197E0,1.4516242E0,-5.136821E-1,1.0442669E0],"categories":[],"categories_nodes":[],"categories_segments":[],"categories_sizes":[],"default_left":[0,0,0,0,0,0,0],"id":4,"left_children":[1,3,-1,-1,5,-1,-1],"loss_changes":[3.211651E2,9.3916756E1,0E0,0E0,1.503304E2,0E0,0E0],"parents":[2147483647,0,0,1,1,4,4],"right_children":[2,4,-1,-1,6,-1,-1],"split_conditions":[1.6704001E2,6.616375E1,-1.477343E0,1.8884197E0,7.272E1,-5.136821E-1,1.0442669E0],"split_indices":[0,0,0,0,0,0,0],"split_type":[0,0,0,0,0,0,0],"sum_hessian":[1.2E1,9E0,3E0,1E0,8E0,4E0,4E0],"tree_param":{"num_deleted":"0","num_feature":"2","num_nodes":"7","size_leaf_vector":"1"}},{"base_weights":[2.1717107E-1,1.6995777E0,-1.1643795E0,-1.0759239E0,2.586452E0,8.94944E-1,-2.7122912E-1],"categories":[],"categories_nodes":[],"categories_segments":[],"categories_sizes":[],"default_left":[0,0,1,0,0,0,0],"id":5,"left_children":[1,-1,3,-1,5,-1,-1],"loss_changes":[1.6008447E2,0E0,2.0420062E2,0E0,5.880486E1,0E0,0E0],"parents":[2147483647,0,0,2,2,4,4],"right_children":[2,-1,4,-1,6,-1,-1],"split_conditions":[5.117E1,1.6995777E0,6.368E1,-1.0759239E0,9.776E1,8.94944E-1,-2.7122912E-1],"split_indices":[1,0,1,0,1,0,0],"split_type":[0,0,0,0,0,0,0],"sum_hessian":[1.2E1,1E0,1.1E1,5E0,6E0,4E0,2E0],"tree_param":{"num_deleted":"0","num_feature":"2","num_nodes":"7","size_leaf_vector":"1"}},{"base_weights":[2.6661277E-1,1.52962E0,-9.691862E-1,-3.997631E0,2.6921973E0,-1.0943527E0,-2.9481816E-1,9.939577E-1,-2.3506474E-1],"categories":[],"categories_nodes":[],"categories_segments":[],"categories_sizes":[],"default_left":[0,0,1,1,0,0,0,0,0],"id":6,"left_children":[1,-1,3,5,7,-1,-1,-1,-1],"loss_changes":[1.2733467E2,0E0,1.4408308E2,1.658519E1,5.94518E1,0E0,0E0,0E0,0E0],"parents":[2147483647,0,0,2,2,3,3,4,4],"right_children":[2,-1,4,6,8,-1,-1,-1,-1],"split_conditions":[5.117E1,1.52962E0,6.826E1,6.162E1,9.776E1,-1.0943527E0,-2.9481816E-1,9.939577E-1,-2.3506474E-1],"split_indices":[1,0,1,1,1,0,0,0,0],"split_type":[0,0,0,0,0,0,0,0,0],"sum_hessian":[1.2E1,1E0,1.1E1,6E0,5E0,3E0,3E0,3E0,2E0],"tree_param":{"num_deleted":"0","num_feature":"2","num_nodes":"9","size_leaf_vector":"1"}},{"base_weights":[2.763156E-1,2.7096672E0,-4.1189804E0,8.165704E-1,6.1570044E0,-1.7909057E-1,-9.301998E-1,1.3766583E0,-2.6168635E-1,1.8599094E0,-0E0],"categories":[],"categories_nodes":[],"categories_segments":[],"categories_sizes":[],"default_left":[0,0,0,0,0,0,0,0,0,0,0],"id":7,"left_children":[1,3,5,7,9,-1,-1,-1,-1,-1,-1],"loss_changes":[1.4991812E2,5.231295E1,3.3008423E0,1.0036386E2,5.923706E1,0E0,0E0,0E0,0E0,0E0,0E0],"parents":[2147483647,0,0,1,1,2,2,3,3,4,4],"right_children":[2,4,6,8,10,-1,-1,-1,-1,-1,-1],"split_conditions":[8.352E1,7.86125E1,1.6704001E2,6.616375E1,8.107625E1,-1.7909057E-1,-9.301998E-1,1.3766583E0,-2.6168635E-1,1.8599094E0,-0E0],"split_indices":[0,0,0,0,0,0,0,0,0,0,0],"split_type":[0,0,0,0,0,0,0,0,0,0,0],"sum_hessian":[1.2E1,8E0,4E0,6E0,2E0,1E0,3E0,1E0,5E0,1E0,1E0],"tree_param":{"num_deleted":"0","num_feature":"2","num_nodes":"11","size_leaf_vector":"1"}},{"base_weights":[3.5643598E-1,1.2389928E0,-6.296883E-1,-2.389032E0,3.4362566E0,-7.906701E-1,-1.829295E-1,1.6739186E0,-1.8627732E-1],"categories":[],"categories_nodes":[],"categories_segments":[],"categories_sizes":[],"default_left":[0,0,1,1,0,0,0,0,0],"id":8,"left_children":[1,-1,3,5,7,-1,-1,-1,-1],"loss_changes":[7.986164E1,0E0,9.384061E1,1.6168133E1,9.547118E1,0E0,0E0,0E0,0E0],"parents":[2147483647,0,0,2,2,3,3,4,4],"right_children":[2,-1,4,6,8,-1,-1,-1,-1],"split_conditions":[5.117E1,1.2389928E0,7.925E1,6.162E1,9.776E1,-7.906701E-1,-1.829295E-1,1.6739186E0,-1.8627732E-1],"split_indices":[1,0,1,1,1,0,0,0,0],"split_type":[0,0,0,0,0,0,0,0,0],"sum_hessian":[1.2E1,1E0,1.1E1,8E0,3E0,3E0,5E0,1E0,2E0],"tree_param":{"num_deleted":"0","num_feature":"2","num_nodes":"9","size_leaf_vector":"1"}},{"base_weights":[4.1384396E-1,1.1150937E0,-4.6424714E-1,-2.0238478E0,3.1109164E0,-6.720698E-1,-1.5244119E-1,1.5065267E0,-1.6144007E-1],"categories":[],"categories_nodes":[],"categories_segments":[],"categories_sizes":[],"default_left":[0,0,1,1,0,0,0,0,0],"id":9,"left_children":[1,-1,3,5,7,-1,-1,-1,-1],"loss_changes":[6.2531536E1,0E0,7.298854E1,1.1789886E1,7.672464E1,0E0,0E0,0E0,0E0],"parents":[2147483647,0,0,2,2,3,3,4,4],"right_children":[2,-1,4,6,8,-1,-1,-1,-1],"split_conditions":[5.117E1,1.1150937E0,7.925E1,6.162E1,9.776E1,-6.720698E-1,-1.5244119E-1,1.5065267E0,-1.6144007E-1],"split_indices":[1,0,1,1,1,0,0,0,0],"split_type":[0,0,0,0,0,0,0,0,0],