{"learner":{"attributes":{"scikit_learn":"{\"_estimator_type\": \"regressor\"}"},"feature_names":["trend_lag_1","Gross_Profit_lag_1"],"feature_types":["float","float"],"gradient_booster":{"model":{"gbtree_model_param":{"num_parallel_tree":"1","num_trees":"10"},"iteration_indptr":[0,1,2,3,4,5,6,7,8,9,10],"tree_info":[0,0,0,0,0,0,0,0,0,0],"trees":[{"base_weights":[-9.8303185E1,-2.991589E2,9.6933295E2,6.7877936E2,2.5193636E2,1.8728737E2,-6.2290718E1],"categories":[],"categories_nodes":[],"categories_segments":[],"categories_sizes":[],"default_left":[0,0,0,0,0,0,0],"id":0,"left_children":[1,-1,3,5,-1,-1,-1],"loss_changes":[4.320527E7,0E0,1.09209E5,3.3716685E6,0E0,0E0,0E0],"parents":[2147483647,0,0,2,2,3,3],"right_children":[2,-1,4,6,-1,-1,-1],"split_conditions":[9.681E3,-2.991589E2,1.1206E4,1.1009E4,2.5193636E2,1.8728737E2,-6.2290718E1],"split_indices":[1,0,1,1,0,0,0],"split_type":[0,0,0,0,0,0,0],"sum_hessian":[2.6E1,1.1E1,1.5E1,1E1,5E0,8E0,2E0],"tree_param":{"num_deleted":"0","num_feature":"2","num_nodes":"7","size_leaf_vector":"1"}},{"base_weights":[-1.9070175E1,-1.0377863E3,6.876566E2,-3.758154E2,-6.463692E2,4.379619E2,1.9991249E2,-1.5646376E2,-2.712535E2,1.1961898E2,-5.517174E1,-9.21323E1,5.349317E1],"categories":[],"categories_nodes":[],"categories_segments":[],"categories_sizes":[],"default_left":[0,0,0,0,0,0,0,0,0,0,0,0,0],"id":1,"left_children":[1,3,5,-1,7,9,-1,11,-1,-1,-1,-1,-1],"loss_changes":[2.3749046E7,2.623371E6,8.61885E5,0E0,3.681044E6,1.790651E6,0E0,1.2809828E6,0E0,0E0,0E0,0E0,0E0],"parents":[2147483647,0,0,1,1,2,2,4,4,5,5,7,7],"right_children":[2,4,6,-1,8,10,-1,12,-1,-1,-1,-1,-1],"split_conditions":[9.681E3,7.668E3,1.1206E4,-3.758154E2,9.122E3,1.1009E4,1.9991249E2,9.039E3,-2.712535E2,1.1961898E2,-5.517174E1,-9.21323E1,5.349317E1],"split_indices":[1,1,1,0,1,1,0,1,0,0,0,0,0],"split_type":[0,0,0,0,0,0,0,0,0,0,0,0,0],"sum_hessian":[3E1,1.2E1,1.8E1,2E0,1E1,1.2E1,6E0,7E0,3E0,1E1,2E0,4E0,3E0],"tree_param":{"num_deleted":"0","num_feature":"2","num_nodes":"13","size_leaf_vector":"1"}},{"base_weights":[1.4641776E1,-1.3153824E3,7.296875E2,-3.6503635E2,-5.804487E2,2.2159851E2,9.308754E2,-4.8608704E1,-1.6011938E2,6.0753506E1,-2.4992E1,1.9938814E2,3.1482858E2,6.557781E0,-2.017622E1,-2.0192E1,1.08352005E2],"categories":[],"categories_nodes":[],"categories_segments":[],"categories_sizes":[],"default_left":[0,0,0,0,0,0,0,0,0,0,0,0,0,0,0,0,0],"id":2,"left_children":[1,3,5,-1,7,9,11,13,-1,-1,-1,-1,15,-1,-1,-1,-1],"loss_changes":[2.8543974E7,2.344642E6,1.68378E6,0E0,7.025845E5,2.7052878E5,7.8511E4,1.9860447E4,0E0,0E0,0E0,0E0,4.1233247E5,0E0,0E0,0E0,0E0],"parents":[2147483647,0,0,1,1,2,2,4,4,5,5,6,6,7,7,12,12],"right_children":[2,4,6,-1,8,10,12,14,-1,-1,-1,-1,16,-1,-1,-1,-1],"split_conditions":[9.0308125E3,8.6915E3,1.03020625E4,-3.6503635E2,8.747375E3,1.02403125E4,1.1007E4,8.7185625E3,-1.6011938E2,6.0753506E1,-2.4992E1,1.9938814E2,1.10619375E4,6.557781E0,-2.017622E1,-2.0192E1,1.08352005E2],"split_indices":[0,0,0,0,0,0,0,0,0,0,0,0,0,0,0,0,0],"split_type":[0,0,0,0,0,0,0,0,0,0,0,0,0,0,0,0,0],"sum_hessian":[2.7E1,9E0,1.8E1,4E0,5E0,6E0,1.2E1,2E0,3E0,5E0,1E0,1E1,2E0,1E0,1E0,1E0,1E0],"tree_param":{"num_deleted":"0","num_feature":"2","num_nodes":"17","size_leaf_vector":"1"}},{"base_weights":[-1.108736E1,-7.672316E2,5.997729E2,-2.7458713E2,-3.591668E2,2.3720483E2,1.3898701E2,6.033172E0,-4.103058E2,6.765511E1,3.4446316E1,-4.492886E2,-9.426765E0,-2.2992626E1,3.2645596E1,-1.8562157E1,-9.653963E1],"categories":[],"categories_nodes":[],"categories_segments":[],"categories_sizes":[],"default_left":[0,0,0,0,0,0,0,0,0,0,0,0,0,0,0,0,0],"id":3,"left_children":[1,3,5,-1,7,9,-1,-1,11,-1,13,15,-1,-1,-1,-1,-1],"loss_changes":[1.2930574E7,2.3497375E6,2.874365E5,0E0,2.0774962E5,9.519544E4,0E0,0E0,8.8523875E4,0E0,9.54968E4,2.2066125E4,0E0,0E0,0E0,0E0,0E0],"parents":[2147483647,0,0,1,1,2,2,4,4,5,5,8,8,10,10,11,11],"right_children":[2,4,6,-1,8,10,-1,-1,12,-1,14,16,-1,-1,-1,-1,-1],"split_conditions":[9.7179375E3,8.6915E3,1.03449375E4,-2.7458713E2,8.7185625E3,1.02403125E4,1.3898701E2,6.033172E0,9.4600625E3,6.765511E1,1.03020625E4,8.747375E3,-9.426765E0,-2.2992626E1,3.2645596E1,-1.8562157E1,-9.653963E1],"split_indices":[0,0,0,0,0,0,0,0,0,0,0,0,0,0,0,0,0],"split_type":[0,0,0,0,0,0,0,0,0,0,0,0,0,0,0,0,0],"sum_hessian":[2.5E1,1.1E1,1.4E1,3E0,8E0,4E0,1E1,1E0,7E0,2E0,2E0,6E0,1E0,1E0,1E0,1E0,5E0],"tree_param":{"num_deleted":"0","num_feature":"2","num_nodes":"17","size_leaf_vector":"1"}},{"base_weights":[-9.4535675E1,-1.10804E3,3.598827E2,-2.9650888E2,-1.1861017E2,-6.703029E1,4.9535E2,4.5581116E1,-2.7410364E2,1.1025252E2,-2.9695593E1,-6.428335E1,-8.672626E0],"categories":[],"categories_nodes":[],"categories_segments":[],"categories_sizes":[],"default_left":[0,0,0,0,0,0,0,0,0,0,0,0,0],"id":4,"left_children":[1,3,5,-1,-1,7,9,-1,11,-1,-1,-1,-1],"loss_changes":[1.4184595E7,5.13181E5,1.2932522E6,0E0,0E0,4.906861E5,7.1678425E5,0E0,2.8183812E4,0E0,0E0,0E0,0E0],"parents":[2147483647,0,0,1,1,2,2,5,5,6,6,8,8],"right_children":[2,4,6,-1,-1,8,10,-1,12,-1,-1,-1,-1],"split_conditions":[9.0308125E3,8.652E3,9.7179375E3,-2.9650888E2,-1.1861017E2,9.282375E3,1.1007E4,4.5581116E1,9.4600625E3,1.1025252E2,-2.9695593E1,-6.428335E1,-8.672626E0],"split_indices":[0,0,0,0,0,0,0,0,0,0,0,0,0],"split_type":[0,0,0,0,0,0,0,0,0,0,0,0,0],"sum_hessian":[2.8E1,8E0,2E1,3E0,5E0,5E0,1.5E1,2E0,3E0,1.4E1,1E0,2E0,1E0],"tree_param":{"num_deleted":"0","num_feature":"2","num_nodes":"13","size_leaf_vector":"1"}},{"base_weights":[-1.4215771E2,-6.122874E2,2.5541125E2,-2.0857368E2,-3.402736E2,6.675107E1,5.302382E2,-4.7062057E1,-1.4310254E2,4.3840942E2,-1.4177707E2,1.3051952E2,1.4564554E2,4.8304188E1,-1.4721043E2,2.6491096E0,1.10835915E2,-1.960502E2,2.121372E1,-6.397625E0,4.7186375E1,-8.287466E1,1.4357351E1,-4.846477E1,-6.878402E1,-8.937701E0,6.7278625E1,-2.3186537E2,6.2139034E1,2.6824814E1,-7.9787974E0,8.208406E0,-6.549139E1],"categories":[],"categories_nodes":[],"categories_segments":[],"categories_sizes":[],"default_left":[0,0,0,0,0,0,0,0,0,0,0,0,0,0,0,0,0,0,0,0,0,0,0,0,0,0,0,0,0,0,0,0,0],"id":5,"left_children":[1,3,5,-1,7,9,11,13,-1,15,17,-1,19,-1,21,-1,-1,23,-1,-1,-1,-1,25,27,-1,-1,29,31,-1,-1,-1,-1,-1],"loss_changes":[5.561519E6,1.0487455E6,8.023564E5,0E0,1.10467E6,9.845283E5,1.6322862E5,2.7008053E5,0E0,2.1042844E5,1.4553773E5,0E0,6.747354E4,0E0,2.895359E5,0E0,0E0,1.3863456E5,0E0,0E0,0E0,0E0,2.1698432E4,4.703371E5,0E0,0E0,3.310954E4,1.3758225E5,0E0,0E0,0E0,0E0,0E0],"parents":[2147483647,0,0,1,1,2,2,4,4,5,5,6,6,7,7,9,9,10,10,12,12,14,14,17,17,22,22,23,23,26,26,27,27],"right_children":[2,4,6,-1,8,10,12,14,-1,16,18,-1,20,-1,22,-1,-1,24,-1,-1,-1,-1,26,28,-1,-1,30,32,-1,-1,-1,-1,-1],"split_conditions":[9.681E3,7.884E3,1.1245E4,-2.0857368E2,9.244E3,9.909E3,1.2016E4,8.04E3,-1.4310254E2,9.741E3,1.1206E4,1.3051952E2,1.231E4,4.8304188E1,8.18E3,2.6491096E0,1.10835915E2,1.0854E4,2.121372E1,-6.397625E0,4.7186375E1,-8.287466E1,9.043E3,1.0746E4,-6.878402E1,-8.937701E0,9.122E3,1.0015E4,6.2139034E1,2.6824814E1,-7.9787974E0,8.208406E0,-6.549139E1],"split_indices":[1,1,1,0,1,1,1,1,0,1,1,0,1,0,1,0,0,1,0,0,0,0,1,1,0,0,1,1,0,0,0,0,0],"split_type":[0,0,0,0,0,0,0,0,0,0,0,0,0,0,0,0,0,0,0,0,0,0,0,0,0,0,0,0,0,0,0,0,0],"sum_hessian":[2.7E1,1.2E1,1.5E1,3E0,9E0,1E1,5E0,6E0,3E0,3E0,7E0,3E0,2E0,1E0,5E0,1E0,2E0,6E0,1E0,1E0,1E0,1E0,4E0,4E0,2E0,2E0,2E0,3E0,1E0,1E0,1E0,1E0,2E0],"tree_param":{"num_deleted":"0","num_feature":"2","num_nodes":"33","size_leaf_vector":"1"}},{"base_weights":[-4.0363438E1,-5.6752783E2,2.9060065E2,-2.0204155E2,-3.1481503E2,1.7494897E2,4.637232E2,-3.0791256E1,-1.2402221E2,3.9156467E2,-7.664318E1,1.13116905E2,1.3399152E2,-1.4888771E2,2.6842947E1,1.5436487E2,1.5466106E2,5.492678E1,-1.8268764E2,-5.885828E0,4.3411453E1,-4.25088E1,-7.916272E0,3.1078384E2,-5.646716E1,-3.34449E1,6.66045E1,-3.0461484E2,1.951661E1,2.4371564E0,7.461096E1,-1.2494187E1,-7.278997E1],"categories":[],"categories_nodes":[],"categories_segments":[],"categories_sizes":[],"default_left":[0,0,0,0,0,0,0,0,0,0,0,0,0,0,0,0,0,0,0,0,0,0,0,0,0,0,0,0,0,0,0,0,0],"id":6,