{"learner":{"attributes":{"scikit_learn":"{\"_estimator_type\": \"regressor\"}"},"feature_names":["trend_lag_1","Interest_Expense_lag_1"],"feature_types":["float","float"],"gradient_booster":{"model":{"gbtree_model_param":{"num_parallel_tree":"1","num_trees":"10"},"iteration_indptr":[0,1,2,3,4,5,6,7,8,9,10],"tree_info":[0,0,0,0,0,0,0,0,0,0],"trees":[{"base_weights":[-3.3659092E1,-5.6234375E1,1.990625E1,-8.50625E0,-3.9964287E1,2.89375E0,7.25E0,-1.6416667E0,-4.61E0,-1.7062501E0,2.79375E0],"categories":[],"categories_nodes":[],"categories_segments":[],"categories_sizes":[],"default_left":[0,0,0,0,0,0,0,0,0,0,0],"id":0,"left_children":[1,3,5,-1,7,-1,9,-1,-1,-1,-1],"loss_changes":[1.4421196E4,3.5282617E2,2.4741016E2,0E0,2.5456152E2,0E0,1.9855781E3,0E0,0E0,0E0,0E0],"parents":[2147483647,0,0,1,1,2,2,4,4,6,6],"right_children":[2,4,6,-1,8,-1,10,-1,-1,-1,-1],"split_conditions":[4.2E1,-7E0,7.7E1,-8.50625E0,1E0,2.89375E0,9.2E1,-1.6416667E0,-4.61E0,-1.7062501E0,2.79375E0],"split_indices":[1,1,1,0,1,0,1,0,0,0,0],"split_type":[0,0,0,0,0,0,0,0,0,0,0],"sum_hessian":[1E1,7E0,3E0,1E0,6E0,1E0,2E0,2E0,4E0,1E0,1E0],"tree_param":{"num_deleted":"0","num_feature":"2","num_nodes":"11","size_leaf_vector":"1"}},{"base_weights":[8.468223E0,-3.686095E1,4.2783333E1,-1.5322223E1,-4.2412E0,7.5208335E0,5.178393E0,-2.2241666E0,-7.416668E-2,2.7490625E0,-1.6209376E0],"categories":[],"categories_nodes":[],"categories_segments":[],"categories_sizes":[],"default_left":[0,0,0,0,0,0,0,0,0,0,0],"id":1,"left_children":[1,3,5,7,-1,9,-1,-1,-1,-1,-1],"loss_changes":[2.490917E4,1.870918E2,2.4669941E3,2.8617212E2,0E0,1.8672678E3,0E0,0E0,0E0,0E0,0E0],"parents":[2147483647,0,0,1,1,2,2,3,3,5,5],"right_children":[2,4,6,8,-1,10,-1,-1,-1,-1,-1],"split_conditions":[4.2E1,1E0,9.2E1,-1E0,-4.2412E0,7.7E1,5.178393E0,-2.2241666E0,-7.416668E-2,2.7490625E0,-1.6209376E0],"split_indices":[1,1,1,1,0,1,0,0,0,0,0],"split_type":[0,0,0,0,0,0,0,0,0,0,0],"sum_hessian":[1.4E1,6E0,8E0,2E0,4E0,2E0,6E0,1E0,1E0,1E0,1E0],"tree_param":{"num_deleted":"0","num_feature":"2","num_nodes":"11","size_leaf_vector":"1"}},{"base_weights":[-5.0867267E0,-5.074586E1,3.477635E1,-7.96973E0,-2.9016113E0,-7.045841E-2,4.0807266E0],"categories":[],"categories_nodes":[],"categories_segments":[],"categories_sizes":[],"default_left":[0,0,0,0,0,0,0],"id":2,"left_children":[1,3,5,-1,-1,-1,-1],"loss_changes":[2.3606117E4,1.4621377E3,1.5266318E3,0E0,0E0,0E0,0E0],"parents":[2147483647,0,0,1,1,2,2],"right_children":[2,4,6,-1,-1,-1,-1],"split_conditions":[2.6625E1,-3.6875E0,5.4625E1,-7.96973E0,-2.9016113E0,-7.045841E-2,4.0807266E0],"split_indices":[0,0,0,0,0,0,0],"split_type":[0,0,0,0,0,0,0],"sum_hessian":[1.1E1,5E0,6E0,1E0,4E0,1E0,5E0],"tree_param":{"num_deleted":"0","num_feature":"2","num_nodes":"7","size_leaf_vector":"1"}},{"base_weights":[1.4938015E0,-3.2026432E1,4.0351772E1,-3.7141054E0,-6.693554E-2,9.9110645E-1,4.4457703E0],"categories":[],"categories_nodes":[],"categories_segments":[],"categories_sizes":[],"default_left":[0,0,0,0,0,0,0],"id":3,"left_children":[1,3,5,-1,-1,-1,-1],"loss_changes":[1.6922664E4,1.0977969E3,3.0930078E2,0E0,0E0,0E0,0E0],"parents":[2147483647,0,0,1,1,2,2],"right_children":[2,4,6,-1,-1,-1,-1],"split_conditions":[5.4625E1,2.6625E1,6.9125E1,-3.7141054E0,-6.693554E-2,9.9110645E-1,4.4457703E0],"split_indices":[0,0,0,0,0,0,0],"split_type":[0,0,0,0,0,0,0],"sum_hessian":[1.1E1,6E0,5E0,5E0,1E0,1E0,4E0],"tree_param":{"num_deleted":"0","num_feature":"2","num_nodes":"7","size_leaf_vector":"1"}},{"base_weights":[-3.7616959E0,-5.2723846E1,3.343013E1,-7.778961E0,-2.074356E0,5.853082E0,4.1646967E0,-6.3588716E-2,9.41551E-1],"categories":[],"categories_nodes":[],"categories_segments":[],"categories_sizes":[],"default_left":[0,0,0,0,0,0,0,0,0],"id":4,"left_children":[1,3,5,-1,-1,7,-1,-1,-1],"loss_changes":[2.5435459E4,3.1960273E3,1.5690049E3,0E0,0E0,7.533666E1,0E0,0E0,0E0],"parents":[2147483647,0,0,1,1,2,2,5,5],"right_children":[2,4,6,-1,-1,8,-1,-1,-1],"split_conditions":[2.55625E1,5.6875E0,6.9125E1,-7.778961E0,-2.074356E0,5.4625E1,4.1646967E0,-6.3588716E-2,9.41551E-1],"split_indices":[0,0,0,0,0,0,0,0,0],"split_type":[0,0,0,0,0,0,0,0,0],"sum_hessian":[1.2E1,5E0,7E0,2E0,3E0,2E0,5E0,1E0,1E0],"tree_param":{"num_deleted":"0","num_feature":"2","num_nodes":"9","size_leaf_vector":"1"}},{"base_weights":[6.55864E0,-3.6661488E1,2.9841084E1,-6.9965897E0,-1.084391E1,5.2073236E0,3.61354E0,-6.0409356E-2,-1.4055818E0,2.3109403E0,-1.5298417E0],"categories":[],"categories_nodes":[],"categories_segments":[],"categories_sizes":[],"default_left":[0,0,0,0,0,0,0,0,0,0,0],"id":5,"left_children":[1,3,5,-1,7,9,-1,-1,-1,-1,-1],"loss_changes":[1.417553E4,3.5404912E3,1.2073047E3,0E0,1.23066376E2,1.4548232E3,0E0,0E0,0E0,0E0,0E0],"parents":[2147483647,0,0,1,1,2,2,4,4,5,5],"right_children":[2,4,6,-1,8,10,-1,-1,-1,-1,-1],"split_conditions":[1E1,-7E0,9.2E1,-6.9965897E0,1E0,7.7E1,3.61354E0,-6.0409356E-2,-1.4055818E0,2.3109403E0,-1.5298417E0],"split_indices":[1,1,1,0,1,1,0,0,0,0,0],"split_type":[0,0,0,0,0,0,0,0,0,0,0],"sum_hessian":[1.2E1,4E0,8E0,1E0,3E0,2E0,6E0,1E0,2E0,1E0,1E0],"tree_param":{"num_deleted":"0","num_feature":"2","num_nodes":"11","size_leaf_vector":"1"}},{"base_weights":[-1.0888716E1,-3.9456715E1,3.377807E0,-6.64676E0,-2.7771906E1,-1.5204705E0,-3.653793E0],"categories":[],"categories_nodes":[],"categories_segments":[],"categories_sizes":[],"default_left":[0,0,0,0,0,0,0],"id":6,"left_children":[1,3,-1,-1,5,-1,-1],"loss_changes":[1.919734E4,9.946221E2,0E0,0E0,3.257666E2,0E0,0E0],"parents":[2147483647,0,0,1,1,4,4],"right_children":[2,4,-1,-1,6,-1,-1],"split_conditions":[9.2E1,-7E0,3.377807E0,-6.64676E0,1E1,-1.5204705E0,-3.653793E0],"split_indices":[1,1,0,0,1,0,0],"split_type":[0,0,0,0,0,0,0],"sum_hessian":[1.3E1,8E0,5E0,1E0,7E0,4E0,3E0],"tree_param":{"num_deleted":"0","num_feature":"2","num_nodes":"7","size_leaf_vector":"1"}},{"base_weights":[-9.449278E-3,-2.9357812E0,2.5671549E1,3.756939E0,3.235026E1,1.8634606E-2,5.4490626E-1,3.497625E0,9.610157E-1],"categories":[],"categories_nodes":[],"categories_segments":[],"categories_sizes":[],"default_left":[0,0,0,0,0,0,0,0,0],"id":7,"left_children":[1,-1,3,5,7,-1,-1,-1,-1],"loss_changes":[1.1305394E4,0E0,1.049353E3,1.711024E1,2.216455E1,0E0,0E0,0E0,0E0],"parents":[2147483647,0,0,2,2,3,3,4,4],"right_children":[2,-1,4,6,8,-1,-1,-1,-1],"split_conditions":[3.875E1,-2.9357812E0,6.9125E1,5.4625E1,9.9875E1,1.8634606E-2,5.4490626E-1,3.497625E0,9.610157E-1],"split_indices":[0,0,0,0,0,0,0,0,0],"split_type":[0,0,0,0,0,0,0,0,0],"sum_hessian":[1.3E1,6E0,7E0,2E0,5E0,1E0,1E0,4E0,1E0],"tree_param":{"num_deleted":"0","num_feature":"2","num_nodes":"9","size_leaf_vector":"1"}},{"base_weights":[9.3426615E-2,-1.9048251E0,1.9219532E0],"categories":[],"categories_nodes":[],"categories_segments":[],"categories_sizes":[],"default_left":[0,0,0],"id":8,"left_children":[1,-1,-1],"loss_changes":[4.393261E3,0E0,0E0],"parents":[2147483647,0,0],"right_children":[2,-1,-1],"split_conditions":[9.2E1,-1.9048251E0,1.9219532E0],"split_indices":[1,0,0],"split_type":[0,0,0],"sum_hessian":[1E1,5E0,5E0],"tree_param":{"num_deleted":"0","num_feature":"2","num_nodes":"3","size_leaf_vector":"1"}},{"base_weights":[-1.5232366E0,-2.9054533E1,2.2757051E1,-6.0723915E0,-1.3655651E0,9.44966E0,2.5617907E0,2.4460788E0,-1.0286297E0],"categories":[],"categories_nodes":[],"categories_segments":[],"categories_sizes":[],"default_left":[0,0,0,0,0,0,0,0,0],"id":9,"left_children":[1,3,5,-1,-1,7,-1,-1,-1],"loss_changes":[1.0019745E4,2.5844873E3,6.2483887E1,0E0,0E0,1.1403876E3,0E0,0E0,0E0],"parents":[2147483647,0,0,1,1,2,2,5,5],"right_children":[2,4,6,-1,-1,8,-1,-1,-1],"split_conditions":[1.1E1,-7E0,9.2E1,-6.0723915E0,-1.3655651E0,7.7E1,2.5617907E0,2.4460788E0,-1.0286297E0],"split_indices":[1,1,1,0,0,1,0,0,0],"split_type":[0,0,0,0,0,0,0,0,0],"sum_hessian":[1.3E1,6E0,7E0,1E0,5E0,2E0,5E0,1E0,1E0],"tree_param":{"num_deleted":"0","num_feature":"2","num_nodes":"9","size_leaf_vector":"1"}}]},"name":"gbtree"},"learner_model_param":{"base_score":"4.5125E1","boost_from_average":"1",