{"learner":{"attributes":{"scikit_learn":"{\"_estimator_type\": \"regressor\"}"},"feature_names":["trend_lag_1","Gross_Margin_lag_1"],"feature_types":["float","float"],"gradient_booster":{"model":{"gbtree_model_param":{"num_parallel_tree":"1","num_trees":"10"},"iteration_indptr":[0,1,2,3,4,5,6,7,8,9,10],"tree_info":[0,0,0,0,0,0,0,0,0,0],"trees":[{"base_weights":[-2.7243933E-3,9.461279E-3,-1.733238E-2,-2.3439934E-2,6.0688336E-3,-6.4555886E-3,-2.1902889E-3],"categories":[],"categories_nodes":[],"categories_segments":[],"categories_sizes":[],"default_left":[0,0,0,0,0,0,0],"id":0,"left_children":[1,3,-1,5,-1,-1,-1],"loss_changes":[1.6162459E-2,1.0330279E-2,0E0,3.087502E-4,0E0,0E0,0E0],"parents":[2147483647,0,0,1,1,3,3],"right_children":[2,4,-1,6,-1,-1,-1],"split_conditions":[6.5528476E-1,6.2632245E-1,-1.733238E-2,5.837838E-1,6.0688336E-3,-6.4555886E-3,-2.1902889E-3],"split_indices":[1,1,0,1,0,0,0],"split_type":[0,0,0,0,0,0,0],"sum_hessian":[1.4E1,1.3E1,1E0,5E0,8E0,2E0,3E0],"tree_param":{"num_deleted":"0","num_feature":"2","num_nodes":"7","size_leaf_vector":"1"}},{"base_weights":[-2.653718E-3,7.5687966E-3,-1.5599144E-2,-1.4397664E-2,4.762569E-3,-5.5948417E-3,-6.744409E-4],"categories":[],"categories_nodes":[],"categories_segments":[],"categories_sizes":[],"default_left":[0,0,0,0,0,0,0],"id":1,"left_children":[1,3,-1,5,-1,-1,-1],"loss_changes":[1.29132895E-2,5.6952126E-3,0E0,9.5347874E-4,0E0,0E0,0E0],"parents":[2147483647,0,0,1,1,3,3],"right_children":[2,4,-1,6,-1,-1,-1],"split_conditions":[6.5528476E-1,6.2632245E-1,-1.5599144E-2,5.837838E-1,4.762569E-3,-5.5948417E-3,-6.744409E-4],"split_indices":[1,1,0,1,0,0,0],"split_type":[0,0,0,0,0,0,0],"sum_hessian":[1.5E1,1.4E1,1E0,6E0,8E0,2E0,4E0],"tree_param":{"num_deleted":"0","num_feature":"2","num_nodes":"7","size_leaf_vector":"1"}},{"base_weights":[-1.705359E-3,-8.895519E-3,1.4876682E-2,9.576663E-3,3.8927854E-3,3.0605725E-3,-3.050673E-3],"categories":[],"categories_nodes":[],"categories_segments":[],"categories_sizes":[],"default_left":[0,0,0,0,0,0,0],"id":2,"left_children":[1,-1,3,5,-1,-1,-1],"loss_changes":[1.2718946E-2,0E0,1.2966292E-4,1.3708735E-3,0E0,0E0,0E0],"parents":[2147483647,0,0,2,2,3,3],"right_children":[2,-1,4,6,-1,-1,-1],"split_conditions":[6.0844636E-1,-8.895519E-3,6.2736565E-1,6.238559E-1,3.8927854E-3,3.0605725E-3,-3.050673E-3],"split_indices":[0,0,0,0,0,0,0],"split_type":[0,0,0,0,0,0,0],"sum_hessian":[1.6E1,4E0,1.2E1,7E0,5E0,6E0,1E0],"tree_param":{"num_deleted":"0","num_feature":"2","num_nodes":"7","size_leaf_vector":"1"}},{"base_weights":[3.386875E-3,-6.763655E-3,3.1012704E-3],"categories":[],"categories_nodes":[],"categories_segments":[],"categories_sizes":[],"default_left":[0,0,0],"id":3,"left_children":[1,-1,-1],"loss_changes":[7.2880024E-3,0E0,0E0],"parents":[2147483647,0,0],"right_children":[2,-1,-1],"split_conditions":[6.0844636E-1,-6.763655E-3,3.1012704E-3],"split_indices":[0,0,0],"split_type":[0,0,0],"sum_hessian":[1.4E1,3E0,1.1E1],"tree_param":{"num_deleted":"0","num_feature":"2","num_nodes":"3","size_leaf_vector":"1"}},{"base_weights":[-7.638955E-3,-1.058625E-2,8.095056E-3,2.1896362E-3,2.7271071E-3,1.5294929E-3,-3.0557334E-3],"categories":[],"categories_nodes":[],"categories_segments":[],"categories_sizes":[],"default_left":[0,0,0,0,0,0,0],"id":4,"left_children":[1,-1,3,5,-1,-1,-1],"loss_changes":[1.1117923E-2,0E0,3.6276953E-4,7.842161E-4,0E0,0E0,0E0],"parents":[2147483647,0,0,2,2,3,3],"right_children":[2,-1,4,6,-1,-1,-1],"split_conditions":[6.0844636E-1,-1.058625E-2,6.2736565E-1,6.238559E-1,2.7271071E-3,1.5294929E-3,-3.0557334E-3],"split_indices":[0,0,0,0,0,0,0],"split_type":[0,0,0,0,0,0,0],"sum_hessian":[1.4E1,3E0,1.1E1,6E0,5E0,5E0,1E0],"tree_param":{"num_deleted":"0","num_feature":"2","num_nodes":"7","size_leaf_vector":"1"}},{"base_weights":[-2.440311E-3,5.0067944E-3,-1.1414689E-2,-8.133829E-3,1.7521568E-2,-3.4812987E-3,1.8221379E-4,1.6737244E-3,5.9973877E-3],"categories":[],"categories_nodes":[],"categories_segments":[],"categories_sizes":[],"default_left":[0,0,0,0,0,0,0,0,0],"id":5,"left_children":[1,3,-1,5,7,-1,-1,-1,-1],"loss_changes":[6.795494E-3,2.6092962E-3,0E0,6.868209E-4,6.618097E-4,0E0,0E0,0E0,0E0],"parents":[2147483647,0,0,1,1,3,3,4,4],"right_children":[2,4,-1,6,8,-1,-1,-1,-1],"split_conditions":[6.5528476E-1,6.308215E-1,-1.1414689E-2,5.8846354E-1,6.51978E-1,-3.4812987E-3,1.8221379E-4,1.6737244E-3,5.9973877E-3],"split_indices":[1,1,0,1,1,0,0,0,0],"split_type":[0,0,0,0,0,0,0,0,0],"sum_hessian":[1.5E1,1.4E1,1E0,7E0,7E0,3E0,4E0,5E0,2E0],"tree_param":{"num_deleted":"0","num_feature":"2","num_nodes":"9","size_leaf_vector":"1"}},{"base_weights":[-1.7095767E-3,5.0252634E-3,-1.0273218E-2,-6.9194436E-3,1.6341813E-2,-2.9591024E-3,1.5305995E-4,1.758947E-3,5.1977397E-3],"categories":[],"categories_nodes":[],"categories_segments":[],"categories_sizes":[],"default_left":[0,0,0,0,0,0,0,0,0],"id":6,"left_children":[1,3,-1,5,7,-1,-1,-1,-1],"loss_changes":[5.608987E-3,2.1406694E-3,0E0,4.955275E-4,3.5388255E-4,0E0,0E0,0E0,0E0],"parents":[2147483647,0,0,1,1,3,3,4,4],"right_children":[2,4,-1,6,8,-1,-1,-1,-1],"split_conditions":[6.5528476E-1,6.308215E-1,-1.0273218E-2,5.8846354E-1,6.51978E-1,-2.9591024E-3,1.5305995E-4,1.758947E-3,5.1977397E-3],"split_indices":[1,1,0,1,1,0,0,0,0],"split_type":[0,0,0,0,0,0,0,0,0],"sum_hessian":[1.5E1,1.4E1,1E0,7E0,7E0,3E0,4E0,5E0,2E0],"tree_param":{"num_deleted":"0","num_feature":"2","num_nodes":"9","size_leaf_vector":"1"}},{"base_weights":[-2.1697618E-3,-4.032333E-3,5.507678E-3,2.7505518E-3,2.4833858E-3,-5.578518E-4,1.6627765E-3],"categories":[],"categories_nodes":[],"categories_segments":[],"categories_sizes":[],"default_left":[0,0,0,0,0,0,0],"id":7,"left_children":[1,-1,3,-1,5,-1,-1],"loss_changes":[2.321152E-3,0E0,2.6507297E-4,0E0,3.306109E-4,0E0,0E0],"parents":[2147483647,0,0,2,2,4,4],"right_children":[2,-1,4,-1,6,-1,-1],"split_conditions":[6.0844636E-1,-4.032333E-3,6.0991967E-1,2.7505518E-3,6.2736565E-1,-5.578518E-4,1.6627765E-3],"split_indices":[0,0,0,0,0,0,0],"split_type":[0,0,0,0,0,0,0],"sum_hessian":[1.5E1,4E0,1.1E1,2E0,9E0,5E0,4E0],"tree_param":{"num_deleted":"0","num_feature":"2","num_nodes":"7","size_leaf_vector":"1"}},{"base_weights":[4.158088E-3,-1.1622906E-3,4.8107146E-3,-2.257833E-3,3.4676855E-3,1.5396386E-3,-3.0376376E-3],"categories":[],"categories_nodes":[],"categories_segments":[],"categories_sizes":[],"default_left":[0,0,0,0,0,0,0],"id":8,"left_children":[1,3,-1,-1,5,-1,-1],"loss_changes":[1.5098786E-3,6.017935E-4,0E0,0E0,8.272359E-4,0E0,0E0],"parents":[2147483647,0,0,1,1,4,4],"right_children":[2,4,-1,-1,6,-1,-1],"split_conditions":[6.51978E-1,5.8846354E-1,4.8107146E-3,-2.257833E-3,6.5064937E-1,1.5396386E-3,-3.0376376E-3],"split_indices":[1,1,0,0,1,0,0],"split_type":[0,0,0,0,0,0,0],"sum_hessian":[1.3E1,1.1E1,2E0,3E0,8E0,7E0,1E0],"tree_param":{"num_deleted":"0","num_feature":"2","num_nodes":"7","size_leaf_vector":"1"}},{"base_weights":[-2.5150105E-3,3.5331447E-3,-9.323734E-3,-7.3086875E-3,1.157311E-2,-2.1461488E-3,-7.587433E-4,1.3392896E-3,5.05864E-3],"categories":[],"categories_nodes":[],"categories_segments":[],"categories_sizes":[],"default_left":[0,0,0,0,0,0,0,0,0],"id":9,"left_children":[1,3,-1,5,7,-1,-1,-1,-1],"loss_changes":[4.432643E-3,1.3921034E-3,0E0,4.3489563E-5,4.3279957E-4,0E0,0E0,0E0,0E0],"parents":[2147483647,0,0,1,1,3,3,4,4],"right_children":[2,4,-1,6,8,-1,-1,-1,-1],"split_conditions":[6.5528476E-1,6.308215E-1,-9.323734E-3,5.837838E-1,6.5406257E-1,-2.1461488E-3,-7.587433E-4,1.3392896E-3,5.05864E-3],"split_indices":[1,1,0,1,1,0,0,0,0],"split_type":[0,0,0,0,0,0,0,0,0],"sum_hessian":[1.5E1,1.4E1,1E0,6E0,8E0,2E0,4E0,7E0,1E0],"tree_param":{"num_deleted":"0","num_feature":"2","num_nodes":"9","size_leaf_vector":"1"}}]},"name":"gbtree"},"learner_model_param":{"base_score":"6.0813886E-1","boost_from_average":"1","num_class":"0","num_feature":"2","num_target":"1"},"objective":{"name":"reg:squarederror","reg_loss_param":{"scale_pos_weight":"1"}}},"version":[2,1,0]}