{"learner":{"attributes":{"scikit_learn":"{\"_estimator_type\": \"regressor\"}"},"feature_names":["trend_lag_1","DbR_lag_1"],"feature_types":["float","float"],"gradient_booster":{"model":{"gbtree_model_param":{"num_parallel_tree":"1","num_trees":"10"},"iteration_indptr":[0,1,2,3,4,5,6,7,8,9,10],"tree_info":[0,0,0,0,0,0,0,0,0,0],"trees":[{"base_weights":[-6.1496343E-3,-8.7482035E-3,2.9754087E-3,-3.366052E-3,-4.0321983E-3,1.1649628E-3,-2.0945559E-3],"categories":[],"categories_nodes":[],"categories_segments":[],"categories_sizes":[],"default_left":[0,0,0,0,0,0,0],"id":0,"left_children":[1,3,-1,-1,5,-1,-1],"loss_changes":[5.460471E-4,7.133628E-5,0E0,0E0,1.4385057E-4,0E0,0E0],"parents":[2147483647,0,0,1,1,4,4],"right_children":[2,4,-1,-1,6,-1,-1],"split_conditions":[4.9637873E-2,4.029923E-2,2.9754087E-3,-3.366052E-3,4.0429153E-2,1.1649628E-3,-2.0945559E-3],"split_indices":[1,1,0,0,1,0,0],"split_type":[0,0,0,0,0,0,0],"sum_hessian":[1E1,9E0,1E0,5E0,4E0,1E0,3E0],"tree_param":{"num_deleted":"0","num_feature":"2","num_nodes":"7","size_leaf_vector":"1"}},{"base_weights":[-1.5818204E-4,-2.3626825E-3,2.4274753E-3,8.887351E-3,-2.7381182E-3,-1.5921773E-3,1.7646019E-3],"categories":[],"categories_nodes":[],"categories_segments":[],"categories_sizes":[],"default_left":[0,0,0,0,0,0,0],"id":1,"left_children":[1,-1,3,-1,5,-1,-1],"loss_changes":[3.1843712E-4,0E0,1.7669807E-3,0E0,2.7482666E-4,0E0,0E0],"parents":[2147483647,0,0,2,2,4,4],"right_children":[2,-1,4,-1,6,-1,-1],"split_conditions":[3.4740258E-2,-2.3626825E-3,3.537415E-2,8.887351E-3,5.6384247E-2,-1.5921773E-3,1.7646019E-3],"split_indices":[1,0,1,0,1,0,0],"split_type":[0,0,0,0,0,0,0],"sum_hessian":[1.4E1,3E0,1.1E1,1E0,1E1,8E0,2E0],"tree_param":{"num_deleted":"0","num_feature":"2","num_nodes":"7","size_leaf_vector":"1"}},{"base_weights":[1.5994342E-3,-2.1204308E-3,1.1444989E-2,1.8841721E-2,-6.6969584E-4,6.54577E-3,1.4863786E-3],"categories":[],"categories_nodes":[],"categories_segments":[],"categories_sizes":[],"default_left":[0,0,0,0,0,0,0],"id":2,"left_children":[1,-1,3,5,-1,-1,-1],"loss_changes":[1.1049348E-3,0E0,6.490652E-4,5.7290774E-5,0E0,0E0,0E0],"parents":[2147483647,0,0,2,2,3,3],"right_children":[2,-1,4,6,-1,-1,-1],"split_conditions":[4.9510397E-2,-2.1204308E-3,5.2193504E-2,5.177335E-2,-6.6969584E-4,6.54577E-3,1.4863786E-3],"split_indices":[0,0,0,0,0,0,0],"split_type":[0,0,0,0,0,0,0],"sum_hessian":[1.1E1,6E0,5E0,3E0,2E0,2E0,1E0],"tree_param":{"num_deleted":"0","num_feature":"2","num_nodes":"7","size_leaf_vector":"1"}},{"base_weights":[-2.6819182E-3,-5.9676347E-3,1.5984041E-3,-1.9808959E-3,-2.1498455E-3,2.5281392E-3,-4.5754074E-4,-8.0917665E-4,-8.222647E-5,1.0070675E-3,2.5700222E-4],"categories":[],"categories_nodes":[],"categories_segments":[],"categories_sizes":[],"default_left":[0,0,0,0,0,0,0,0,0,0,0],"id":3,"left_children":[1,3,5,7,-1,9,-1,-1,-1,-1,-1],"loss_changes":[1.7830581E-4,1.9251805E-5,2.128014E-5,2.9287776E-6,0E0,4.050391E-6,0E0,0E0,0E0,0E0,0E0],"parents":[2147483647,0,0,1,1,2,2,3,3,5,5],"right_children":[2,4,6,8,-1,10,-1,-1,-1,-1,-1],"split_conditions":[5.0636835E-2,3.0403318E-2,5.4112747E-2,2.8368643E-2,-2.1498455E-3,5.2193504E-2,-4.5754074E-4,-8.0917665E-4,-8.222647E-5,1.0070675E-3,2.5700222E-4],"split_indices":[0,0,0,0,0,0,0,0,0,0,0],"split_type":[0,0,0,0,0,0,0,0,0,0,0],"sum_hessian":[1.1E1,6E0,5E0,2E0,4E0,4E0,1E0,1E0,1E0,2E0,2E0],"tree_param":{"num_deleted":"0","num_feature":"2","num_nodes":"11","size_leaf_vector":"1"}},{"base_weights":[2.6503296E-3,-3.2538224E-3,8.175863E-3,-3.9029252E-3,9.61192E-5,1.6784007E-2,1.3758049E-3,-5.051282E-4,-1.3774703E-3,1.131481E-3,6.421322E-3,1.1123613E-3,-4.0253813E-5],"categories":[],"categories_nodes":[],"categories_segments":[],"categories_sizes":[],"default_left":[0,0,0,0,0,0,0,0,0,0,0,0,0],"id":4,"left_children":[1,3,5,7,-1,9,11,-1,-1,-1,-1,-1,-1],"loss_changes":[4.5070951E-4,1.749074E-5,3.866596E-4,1.4381658E-6,0E0,9.963859E-5,1.8104434E-5,0E0,0E0,0E0,0E0,0E0,0E0],"parents":[2147483647,0,0,1,1,2,2,3,3,5,5,6,6],"right_children":[2,4,6,8,-1,10,12,-1,-1,-1,-1,-1,-1],"split_conditions":[5.069257E-2,5.0636835E-2,5.177335E-2,3.0403318E-2,9.61192E-5,5.0715428E-2,5.2193504E-2,-5.051282E-4,-1.3774703E-3,1.131481E-3,6.421322E-3,1.1123613E-3,-4.0253813E-5],"split_indices":[0,0,0,0,0,0,0,0,0,0,0,0,0],"split_type":[0,0,0,0,0,0,0,0,0,0,0,0,0],"sum_hessian":[1.2E1,6E0,6E0,5E0,1E0,2E0,4E0,2E0,3E0,1E0,1E0,1E0,3E0],"tree_param":{"num_deleted":"0","num_feature":"2","num_nodes":"13","size_leaf_vector":"1"}},{"base_weights":[1.298738E-3,5.340668E-3,-1.0910829E-3,-7.2631123E-4,5.4581235E-3,-4.928589E-3,2.9646396E-3,5.876832E-6,-1.8511593E-3,3.859248E-4,1.0963951E-3],"categories":[],"categories_nodes":[],"categories_segments":[],"categories_sizes":[],"default_left":[0,0,0,0,0,0,0,0,0,0,0],"id":5,"left_children":[1,3,5,-1,-1,7,9,-1,-1,-1,-1],"loss_changes":[1.3140045E-4,5.428567E-4,1.5468623E-4,0E0,0E0,3.084763E-5,1.088556E-6,0E0,0E0,0E0,0E0],"parents":[2147483647,0,0,1,1,2,2,5,5,6,6],"right_children":[2,4,6,-1,-1,8,10,-1,-1,-1,-1],"split_conditions":[3.537415E-2,3.4740258E-2,5.6384247E-2,-7.2631123E-4,5.4581235E-3,3.5672743E-2,6.326703E-2,5.876832E-6,-1.8511593E-3,3.859248E-4,1.0963951E-3],"split_indices":[1,1,1,0,0,1,1,0,0,0,0],"split_type":[0,0,0,0,0,0,0,0,0,0,0],"sum_hessian":[1.2E1,4E0,8E0,3E0,1E0,4E0,4E0,1E0,3E0,2E0,2E0],"tree_param":{"num_deleted":"0","num_feature":"2","num_nodes":"11","size_leaf_vector":"1"}},{"base_weights":[-1.1215558E-3,-2.772613E-3,1.1097721E-3,-1.4896287E-3,-3.593495E-3,-6.800164E-4,3.5937523E-4,-1.339376E-3,-3.702626E-4],"categories":[],"categories_nodes":[],"categories_segments":[],"categories_sizes":[],"default_left":[0,0,0,0,0,0,0,0,0],"id":6,"left_children":[1,3,-1,5,7,-1,-1,-1,-1],"loss_changes":[1.21688296E-4,6.231996E-6,0E0,1.5246182E-5,6.8206937E-6,0E0,0E0,0E0,0E0],"parents":[2147483647,0,0,1,1,3,3,4,4],"right_children":[2,4,-1,6,8,-1,-1,-1,-1],"split_conditions":[5.6384247E-2,4.0429153E-2,1.1097721E-3,4.029923E-2,4.3952666E-2,-6.800164E-4,3.5937523E-4,-1.339376E-3,-3.702626E-4],"split_indices":[1,1,0,1,1,0,0,0,0],"split_type":[0,0,0,0,0,0,0,0,0],"sum_hessian":[1.3E1,1E1,3E0,5E0,5E0,4E0,1E0,3E0,2E0],"tree_param":{"num_deleted":"0","num_feature":"2","num_nodes":"9","size_leaf_vector":"1"}},{"base_weights":[9.5663674E-4,-2.268588E-3,5.6350343E-3,-5.951561E-4,-9.0183335E-4,4.741407E-3,4.401654E-4,-4.0108134E-4,2.9325112E-5,4.6867496E-4,-6.0722587E-4],"categories":[],"categories_nodes":[],"categories_segments":[],"categories_sizes":[],"default_left":[0,0,0,0,0,0,0,0,0,0,0],"id":7,"left_children":[1,3,5,7,-1,-1,9,-1,-1,-1,-1],"loss_changes":[2.2402793E-4,9.31865E-6,3.100235E-4,2.1866276E-6,0E0,0E0,1.6987618E-5,0E0,0E0,0E0,0E0],"parents":[2147483647,0,0,1,1,2,2,3,3,6,6],"right_children":[2,4,6,8,-1,-1,10,-1,-1,-1,-1],"split_conditions":[5.069257E-2,3.6814276E-2,5.177335E-2,2.8368643E-2,-9.0183335E-4,4.741407E-3,5.4112747E-2,-4.0108134E-4,2.9325112E-5,4.6867496E-4,-6.0722587E-4],"split_indices":[0,0,0,0,0,0,0,0,0,0,0],"split_type":[0,0,0,0,0,0,0,0,0,0,0],"sum_hessian":[1.3E1,8E0,5E0,3E0,5E0,1E0,4E0,1E0,2E0,3E0,1E0],"tree_param":{"num_deleted":"0","num_feature":"2","num_nodes":"11","size_leaf_vector":"1"}},{"base_weights":[-1.849568E-3,-2.397379E-3,5.4428115E-4,-5.2960095E-4,-2.7981233E-3,-3.409194E-4,1.0259897E-4,-1.2243073E-3,-5.0709565E-4],"categories":[],"categories_nodes":[],"categories_segments":[],"categories_sizes":[],"default_left":[0,0,0,0,0,0,0,0,0],"id":8,"left_children":[1,3,-1,5,7,-1,-1,-1,-1],"loss_changes":[2.6427486E-5,6.003127E-6,0E0,1.9752922E-6,4.471396E-6,0E0,0E0,0E0,0E0],"parents":[2147483647,0,0,1,1,3,3,4,4],"right_children":[2,4,-1,6,8,-1,-1,-1,-1],"split_conditions":[6.326703E-2,3.5672743E-2,5.4428115E-4,3.052422E-2,4.099099E-2,-3.409194E-4,1.0259897E-4,-1.2243073E-3,-5.0709565E-4],"split_indices":[1,1,0,1,1,0,0,0,0],"split_type":[0,0,0,0,0,0,0,0,0],"sum_hessian":[1E1,9E0,1E0,2E0,7E0,1E0,1E0,2E0,5E0],"tree_param":{"num_deleted":"0","num_feature":"2","num_nodes":"9",