{"learner":{"attributes":{"scikit_learn":"{\"_estimator_type\": \"regressor\"}"},"feature_names":["trend_lag_1","DandA_lag_1"],"feature_types":["float","float"],"gradient_booster":{"model":{"gbtree_model_param":{"num_parallel_tree":"1","num_trees":"10"},"iteration_indptr":[0,1,2,3,4,5,6,7,8,9,10],"tree_info":[0,0,0,0,0,0,0,0,0,0],"trees":[{"base_weights":[7.974148E0,-1.087711E1,3.1039167E1,1.7814774E1,1.6171501E1,2.4465628E0,7.346563E0],"categories":[],"categories_nodes":[],"categories_segments":[],"categories_sizes":[],"default_left":[0,0,0,0,0,0,0],"id":0,"left_children":[1,-1,3,5,-1,-1,-1],"loss_changes":[2.3569113E4,0E0,3.5683252E3,5.061494E2,0E0,0E0,0E0],"parents":[2147483647,0,0,2,2,3,3],"right_children":[2,-1,4,6,-1,-1,-1],"split_conditions":[3.66E2,-1.087711E1,4.77E2,4.21E2,1.6171501E1,2.4465628E0,7.346563E0],"split_indices":[1,0,1,1,0,0,0],"split_type":[0,0,0,0,0,0,0],"sum_hessian":[2.1E1,7E0,1.4E1,1E1,4E0,5E0,5E0],"tree_param":{"num_deleted":"0","num_feature":"2","num_nodes":"7","size_leaf_vector":"1"}},{"base_weights":[-2.7027845E0,-1.9501387E1,2.0757034E1,-8.721106E0,-8.929181E0,2.4453058E1,2.979835E0,2.3412485E0,-1.0801571E1,3.8834298E0,8.409924E0],"categories":[],"categories_nodes":[],"categories_segments":[],"categories_sizes":[],"default_left":[0,0,0,0,0,0,0,0,0,0,0],"id":1,"left_children":[1,3,5,-1,7,9,-1,-1,-1,-1,-1],"loss_changes":[1.2227431E4,1.5575962E3,2.7376172E2,0E0,4.8145396E3,3.8198242E0,0E0,0E0,0E0,0E0,0E0],"parents":[2147483647,0,0,1,1,2,2,4,4,5,5],"right_children":[2,4,6,-1,8,10,-1,-1,-1,-1,-1],"split_conditions":[4.06E2,3.63E2,4.63E2,-8.721106E0,3.97E2,4.21E2,2.979835E0,2.3412485E0,-1.0801571E1,3.8834298E0,8.409924E0],"split_indices":[1,1,1,0,1,1,0,0,0,0,0],"split_type":[0,0,0,0,0,0,0,0,0,0,0],"sum_hessian":[2.9E1,1.7E1,1.2E1,8E0,9E0,8E0,4E0,6E0,3E0,3E0,5E0],"tree_param":{"num_deleted":"0","num_feature":"2","num_nodes":"11","size_leaf_vector":"1"}},{"base_weights":[-4.637746E0,-1.4261131E1,1.3384086E1,-2.0593994E1,-5.858869E0,-3.2735991E0,-9.002998E0,4.619937E0,-5.155194E0],"categories":[],"categories_nodes":[],"categories_segments":[],"categories_sizes":[],"default_left":[0,0,0,0,0,0,0,0,0],"id":2,"left_children":[1,3,-1,5,7,-1,-1,-1,-1],"loss_changes":[1.1534397E4,9.409048E2,0E0,6.712617E2,2.6723743E3,0E0,0E0,0E0,0E0],"parents":[2147483647,0,0,1,1,3,3,4,4],"right_children":[2,4,-1,6,8,-1,-1,-1,-1],"split_conditions":[4.280625E2,3.816875E2,1.3384086E1,3.785E2,3.84875E2,-3.2735991E0,-9.002998E0,4.619937E0,-5.155194E0],"split_indices":[0,0,0,0,0,0,0,0,0],"split_type":[0,0,0,0,0,0,0,0,0],"sum_hessian":[2.2E1,1.9E1,3E0,1E1,9E0,6E0,4E0,3E0,6E0],"tree_param":{"num_deleted":"0","num_feature":"2","num_nodes":"9","size_leaf_vector":"1"}},{"base_weights":[1.883317E0,-6.0745516E0,1.236805E1,-1.1969306E1,-1.5436123E-1,-3.1043005E-1,-5.7209616E0,1.9408783E0,-4.0166044E0],"categories":[],"categories_nodes":[],"categories_segments":[],"categories_sizes":[],"default_left":[0,0,0,0,0,0,0,0,0],"id":3,"left_children":[1,3,-1,5,7,-1,-1,-1,-1],"loss_changes":[7.4550317E3,6.9490137E2,0E0,7.546709E2,1.0516102E3,0E0,0E0,0E0,0E0],"parents":[2147483647,0,0,1,1,3,3,4,4],"right_children":[2,4,-1,6,8,-1,-1,-1,-1],"split_conditions":[4.326875E2,3.83875E2,1.236805E1,3.785E2,4.231875E2,-3.1043005E-1,-5.7209616E0,1.9408783E0,-4.0166044E0],"split_indices":[0,0,0,0,0,0,0,0,0],"split_type":[0,0,0,0,0,0,0,0,0],"sum_hessian":[2.2E1,1.9E1,3E0,9E0,1E1,4E0,5E0,7E0,3E0],"tree_param":{"num_deleted":"0","num_feature":"2","num_nodes":"9","size_leaf_vector":"1"}},{"base_weights":[-8.174189E-4,-9.318303E0,1.024403E1,-7.589771E0,-5.458196E0,2.3335333E0,-2.5297406E0],"categories":[],"categories_nodes":[],"categories_segments":[],"categories_sizes":[],"default_left":[0,0,0,0,0,0,0],"id":4,"left_children":[1,3,-1,-1,5,-1,-1],"loss_changes":[8.906286E3,1.2159744E3,0E0,0E0,8.1367505E2,0E0,0E0],"parents":[2147483647,0,0,1,1,4,4],"right_children":[2,4,-1,-1,6,-1,-1],"split_conditions":[4.3025E2,3.675E2,1.024403E1,-7.589771E0,3.8E2,2.3335333E0,-2.5297406E0],"split_indices":[0,0,0,0,0,0,0],"split_type":[0,0,0,0,0,0,0],"sum_hessian":[2.6E1,2.1E1,5E0,3E0,1.8E1,3E0,1.5E1],"tree_param":{"num_deleted":"0","num_feature":"2","num_nodes":"7","size_leaf_vector":"1"}},{"base_weights":[2.6174333E0,4.9633136E0,-2.9223983E0,-5.693077E0,9.944129E0,2.353986E0,-5.350352E0,6.2511554E0,1.520975E0],"categories":[],"categories_nodes":[],"categories_segments":[],"categories_sizes":[],"default_left":[0,0,0,0,0,0,0,0,0],"id":5,"left_children":[1,3,-1,5,7,-1,-1,-1,-1],"loss_changes":[7.146914E2,1.1185884E3,0E0,1.2916781E3,6.350973E2,0E0,0E0,0E0,0E0],"parents":[2147483647,0,0,1,1,3,3,4,4],"right_children":[2,4,-1,6,8,-1,-1,-1,-1],"split_conditions":[4.63E2,3.63E2,-2.9223983E0,3.5E2,3.87E2,2.353986E0,-5.350352E0,6.2511554E0,1.520975E0],"split_indices":[1,1,0,1,1,0,0,0,0],"split_type":[0,0,0,0,0,0,0,0,0],"sum_hessian":[2.2E1,1.9E1,3E0,6E0,1.3E1,3E0,3E0,3E0,1E1],"tree_param":{"num_deleted":"0","num_feature":"2","num_nodes":"9","size_leaf_vector":"1"}},{"base_weights":[-7.099717E-1,-1.3791851E1,8.321943E0,-1.941984E0,-5.1104555E0,1.2573017E1,-2.2648594E0,1.7663839E0,7.8352327E0],"categories":[],"categories_nodes":[],"categories_segments":[],"categories_sizes":[],"default_left":[0,0,0,0,0,0,0,0,0],"id":6,"left_children":[1,3,5,-1,-1,7,-1,-1,-1],"loss_changes":[3.1873374E3,1.4845312E2,1.1749556E3,0E0,0E0,1.0201123E3,0E0,0E0,0E0],"parents":[2147483647,0,0,1,1,2,2,5,5],"right_children":[2,4,6,-1,-1,8,-1,-1,-1],"split_conditions":[3.64E2,3.5E2,4.9E2,-1.941984E0,-5.1104555E0,4.38E2,-2.2648594E0,1.7663839E0,7.8352327E0],"split_indices":[1,1,1,0,0,1,0,0,0],"split_type":[0,0,0,0,0,0,0,0,0],"sum_hessian":[2.5E1,1E1,1.5E1,4E0,6E0,1.2E1,3E0,9E0,3E0],"tree_param":{"num_deleted":"0","num_feature":"2","num_nodes":"9","size_leaf_vector":"1"}},{"base_weights":[6.570974E-1,-5.6943016E0,1.0635155E1,-1.2103469E1,3.1970465E0,-1.9992911E0,-4.7397847E0,5.790274E0,-1.9342794E0],"categories":[],"categories_nodes":[],"categories_segments":[],"categories_sizes":[],"default_left":[0,0,0,0,0,0,0,0,0],"id":7,"left_children":[1,3,-1,5,7,-1,-1,-1,-1],"loss_changes":[5.7295137E3,1.2932812E3,0E0,1.5379028E2,1.6788904E3,0E0,0E0,0E0,0E0],"parents":[2147483647,0,0,1,1,3,3,4,4],"right_children":[2,4,-1,6,8,-1,-1,-1,-1],"split_conditions":[4.29E2,3.83875E2,1.0635155E1,3.785E2,4.07375E2,-1.9992911E0,-4.7397847E0,5.790274E0,-1.9342794E0],"split_indices":[0,0,0,0,0,0,0,0,0],"split_type":[0,0,0,0,0,0,0,0,0],"sum_hessian":[2.4E1,2.1E1,3E0,1.2E1,9E0,6E0,6E0,3E0,6E0],"tree_param":{"num_deleted":"0","num_feature":"2","num_nodes":"9","size_leaf_vector":"1"}},{"base_weights":[-4.989049E0,3.0634356E0,-1.1396954E1,-1.6001085E0,7.3977094E0,1.6225407E0,-3.5213845E0,3.8780096E0,-8.1606036E-1],"categories":[],"categories_nodes":[],"categories_segments":[],"categories_sizes":[],"default_left":[0,0,0,0,0,0,0,0,0],"id":8,"left_children":[1,3,-1,5,7,-1,-1,-1,-1],"loss_changes":[5.434641E3,3.5603915E2,0E0,7.035837E2,5.3966016E2,0E0,0E0,0E0,0E0],"parents":[2147483647,0,0,1,1,3,3,4,4],"right_children":[2,4,-1,6,8,-1,-1,-1,-1],"split_conditions":[4.63E2,3.64E2,-1.1396954E1,3.5E2,4.3E2,1.6225407E0,-3.5213845E0,3.8780096E0,-8.1606036E-1],"split_indices":[1,1,0,1,1,0,0,0,0],"split_type":[0,0,0,0,0,0,0,0,0],"sum_hessian":[1.9E1,1.6E1,3E0,8E0,8E0,5E0,3E0,5E0,3E0],"tree_param":{"num_deleted":"0","num_feature":"2","num_nodes":"9","size_leaf_vector":"1"}},{"base_weights":[-3.9554715E0,1.3725108E0,-8.2469225E0,-1.3180372E0,1.138132E0,-5.099046E0,-4.3063307E0,7.324771E-1,-3.873646E0],"categories":[],"categories_nodes":[],"categories_segments":[],"categories_sizes":[],"default_left":[0,0,0,0,0,0,0,0,0],"id":9,"left_children":[1,3,5,-1,-1,-1,7,-1,-1],"loss_changes":[5.8362573E2,1.8413885E2,4.073927E2,0E0,0E0,0E0,6.7135876E2,0E0,0E0],"parents":[2147483647,0,0,1,1,2,2,6,6],"right_children":[2,4,6,-1,-1,-1,8,-1,-1],"split_conditions":[3.87E2,3.44E2,4.03E2,-1.3180372E0,1.138132E0,-5.099046E0,4.63E2,7.324771E-1,-3.873646E0],"split_indices":[1,1,1,0,0,0,1,0,0],